observation_date,value,KEY,FREQ,REF_AREA,CURRENCY,PROVIDER_FM,INSTRUMENT_FM,PROVIDER_FM_ID,DATA_TYPE_FM,OBS_STATUS,OBS_CONF,OBS_PRE_BREAK,OBS_COM,TIME_FORMAT,BREAKS,COLLECTION,COMPILING_ORG,DISS_ORG,DOM_SER_IDS,FM_CONTRACT_TIME,FM_COUPON_RATE,FM_IDENTIFIER,FM_LOT_SIZE,FM_MATURITY,FM_OUTS_AMOUNT,FM_PUT_CALL,FM_STRIKE_PRICE,PUBL_MU,PUBL_PUBLIC,UNIT_INDEX_BASE,COMPILATION,COVERAGE,DECIMALS,SOURCE_AGENCY,SOURCE_PUB,TITLE,TITLE_COMPL,UNIT,UNIT_MULT
1999-01-01,2.0,FM.B.U2.EUR.4F.KR.DFR.LEV,B,U2,EUR,4F,KR,DFR,LEV,A,F,,,P1D,,E,4F0,,,,,,,,,,,,,,,,7,,,Deposit facility - date of changes (raw data) - Level,"Euro area (changing composition) - Key interest rate - Deposit facility - date of changes (raw data) - Level - Euro, provided by ECB",PCPA,0
1999-01-04,2.75,FM.B.U2.EUR.4F.KR.DFR.LEV,B,U2,EUR,4F,KR,DFR,LEV,A,F,,,P1D,,E,4F0,,,,,,,,,,,,,,,,7,,,Deposit facility - date of changes (raw data) - Level,"Euro area (changing composition) - Key interest rate - Deposit facility - date of changes (raw data) - Level - Euro, provided by ECB",PCPA,0
1999-01-22,2.0,FM.B.U2.EUR.4F.KR.DFR.LEV,B,U2,EUR,4F,KR,DFR,LEV,A,F,,,P1D,,E,4F0,,,,,,,,,,,,,,,,7,,,Deposit facility - date of changes (raw data) - Level,"Euro area (changing composition) - Key interest rate - Deposit facility - date of changes (raw data) - Level - Euro, provided by ECB",PCPA,0
1999-04-09,1.5,FM.B.U2.EUR.4F.KR.DFR.LEV,B,U2,EUR,4F,KR,DFR,LEV,A,F,,,P1D,,E,4F0,,,,,,,,,,,,,,,,7,,,Deposit facility - date of changes (raw data) - Level,"Euro area (changing composition) - Key interest rate - Deposit facility - date of changes (raw data) - Level - Euro, provided by ECB",PCPA,0
1999-11-05,2.0,FM.B.U2.EUR.4F.KR.DFR.LEV,B,U2,EUR,4F,KR,DFR,LEV,A,F,,,P1D,,E,4F0,,,,,,,,,,,,,,,,7,,,Deposit facility - date of changes (raw data) - Level,"Euro area (changing composition) - Key interest rate - Deposit facility - date of changes (raw data) - Level - Euro, provided by ECB",PCPA,0
2000-02-04,2.25,FM.B.U2.EUR.4F.KR.DFR.LEV,B,U2,EUR,4F,KR,DFR,LEV,A,F,,,P1D,,E,4F0,,,,,,,,,,,,,,,,7,,,Deposit facility - date of changes (raw data) - Level,"Euro area (changing composition) - Key interest rate - Deposit facility - date of changes (raw data) - Level - Euro, provided by ECB",PCPA,0
2000-03-17,2.5,FM.B.U2.EUR.4F.KR.DFR.LEV,B,U2,EUR,4F,KR,DFR,LEV,A,F,,,P1D,,E,4F0,,,,,,,,,,,,,,,,7,,,Deposit facility - date of changes (raw data) - Level,"Euro area (changing composition) - Key interest rate - Deposit facility - date of changes (raw data) - Level - Euro, provided by ECB",PCPA,0
2000-04-28,2.75,FM.B.U2.EUR.4F.KR.DFR.LEV,B,U2,EUR,4F,KR,DFR,LEV,A,F,,,P1D,,E,4F0,,,,,,,,,,,,,,,,7,,,Deposit facility - date of changes (raw data) - Level,"Euro area (changing composition) - Key interest rate - Deposit facility - date of changes (raw data) - Level - Euro, provided by ECB",PCPA,0
2000-06-09,3.25,FM.B.U2.EUR.4F.KR.DFR.LEV,B,U2,EUR,4F,KR,DFR,LEV,A,F,,,P1D,,E,4F0,,,,,,,,,,,,,,,,7,,,Deposit facility - date of changes (raw data) - Level,"Euro area (changing composition) - Key interest rate - Deposit facility - date of changes (raw data) - Level - Euro, provided by ECB",PCPA,0
2000-06-28,3.25,FM.B.U2.EUR.4F.KR.DFR.LEV,B,U2,EUR,4F,KR,DFR,LEV,A,F,,,P1D,,E,4F0,,,,,,,,,,,,,,,,7,,,Deposit facility - date of changes (raw data) - Level,"Euro area (changing composition) - Key interest rate - Deposit facility - date of changes (raw data) - Level - Euro, provided by ECB",PCPA,0
2000-09-01,3.5,FM.B.U2.EUR.4F.KR.DFR.LEV,B,U2,EUR,4F,KR,DFR,LEV,A,F,,,P1D,,E,4F0,,,,,,,,,,,,,,,,7,,,Deposit facility - date of changes (raw data) - Level,"Euro area (changing composition) - Key interest rate - Deposit facility - date of changes (raw data) - Level - Euro, provided by ECB",PCPA,0
2000-10-06,3.75,FM.B.U2.EUR.4F.KR.DFR.LEV,B,U2,EUR,4F,KR,DFR,LEV,A,F,,,P1D,,E,4F0,,,,,,,,,,,,,,,,7,,,Deposit facility - date of changes (raw data) - Level,"Euro area (changing composition) - Key interest rate - Deposit facility - date of changes (raw data) - Level - Euro, provided by ECB",PCPA,0
2001-05-11,3.5,FM.B.U2.EUR.4F.KR.DFR.LEV,B,U2,EUR,4F,KR,DFR,LEV,A,F,,,P1D,,E,4F0,,,,,,,,,,,,,,,,7,,,Deposit facility - date of changes (raw data) - Level,"Euro area (changing composition) - Key interest rate - Deposit facility - date of changes (raw data) - Level - Euro, provided by ECB",PCPA,0
2001-08-31,3.25,FM.B.U2.EUR.4F.KR.DFR.LEV,B,U2,EUR,4F,KR,DFR,LEV,A,F,,,P1D,,E,4F0,,,,,,,,,,,,,,,,7,,,Deposit facility - date of changes (raw data) - Level,"Euro area (changing composition) - Key interest rate - Deposit facility - date of changes (raw data) - Level - Euro, provided by ECB",PCPA,0
2001-09-18,2.75,FM.B.U2.EUR.4F.KR.DFR.LEV,B,U2,EUR,4F,KR,DFR,LEV,A,F,,,P1D,,E,4F0,,,,,,,,,,,,,,,,7,,,Deposit facility - date of changes (raw data) - Level,"Euro area (changing composition) - Key interest rate - Deposit facility - date of changes (raw data) - Level - Euro, provided by ECB",PCPA,0
2001-11-09,2.25,FM.B.U2.EUR.4F.KR.DFR.LEV,B,U2,EUR,4F,KR,DFR,LEV,A,F,,,P1D,,E,4F0,,,,,,,,,,,,,,,,7,,,Deposit facility - date of changes (raw data) - Level,"Euro area (changing composition) - Key interest rate - Deposit facility - date of changes (raw data) - Level - Euro, provided by ECB",PCPA,0
2002-12-06,1.75,FM.B.U2.EUR.4F.KR.DFR.LEV,B,U2,EUR,4F,KR,DFR,LEV,A,F,,,P1D,,E,4F0,,,,,,,,,,,,,,,,7,,,Deposit facility - date of changes (raw data) - Level,"Euro area (changing composition) - Key interest rate - Deposit facility - date of changes (raw data) - Level - Euro, provided by ECB",PCPA,0
2003-03-07,1.5,FM.B.U2.EUR.4F.KR.DFR.LEV,B,U2,EUR,4F,KR,DFR,LEV,A,F,,,P1D,,E,4F0,,,,,,,,,,,,,,,,7,,,Deposit facility - date of changes (raw data) - Level,"Euro area (changing composition) - Key interest rate - Deposit facility - date of changes (raw data) - Level - Euro, provided by ECB",PCPA,0
2003-06-06,1.0,FM.B.U2.EUR.4F.KR.DFR.LEV,B,U2,EUR,4F,KR,DFR,LEV,A,F,,,P1D,,E,4F0,,,,,,,,,,,,,,,,7,,,Deposit facility - date of changes (raw data) - Level,"Euro area (changing composition) - Key interest rate - Deposit facility - date of changes (raw data) - Level - Euro, provided by ECB",PCPA,0
2005-12-06,1.25,FM.B.U2.EUR.4F.KR.DFR.LEV,B,U2,EUR,4F,KR,DFR,LEV,A,F,,,P1D,,E,4F0,,,,,,,,,,,,,,,,7,,,Deposit facility - date of changes (raw data) - Level,"Euro area (changing composition) - Key interest rate - Deposit facility - date of changes (raw data) - Level - Euro, provided by ECB",PCPA,0
2006-03-08,1.5,FM.B.U2.EUR.4F.KR.DFR.LEV,B,U2,EUR,4F,KR,DFR,LEV,A,F,,,P1D,,E,4F0,,,,,,,,,,,,,,,,7,,,Deposit facility - date of changes (raw data) - Level,"Euro area (changing composition) - Key interest rate - Deposit facility - date of changes (raw data) - Level - Euro, provided by ECB",PCPA,0
2006-06-15,1.75,FM.B.U2.EUR.4F.KR.DFR.LEV,B,U2,EUR,4F,KR,DFR,LEV,A,F,,,P1D,,E,4F0,,,,,,,,,,,,,,,,7,,,Deposit facility - date of changes (raw data) - Level,"Euro area (changing composition) - Key interest rate - Deposit facility - date of changes (raw data) - Level - Euro, provided by ECB",PCPA,0
2006-08-09,2.0,FM.B.U2.EUR.4F.KR.DFR.LEV,B,U2,EUR,4F,KR,DFR,LEV,A,F,,,P1D,,E,4F0,,,,,,,,,,,,,,,,7,,,Deposit facility - date of changes (raw data) - Level,"Euro area (changing composition) - Key interest rate - Deposit facility - date of changes (raw data) - Level - Euro, provided by ECB",PCPA,0
2006-10-11,2.25,FM.B.U2.EUR.4F.KR.DFR.LEV,B,U2,EUR,4F,KR,DFR,LEV,A,F,,,P1D,,E,4F0,,,,,,,,,,,,,,,,7,,,Deposit facility - date of changes (raw data) - Level,"Euro area (changing composition) - Key interest rate - Deposit facility - date of changes (raw data) - Level - Euro, provided by ECB",PCPA,0
2006-12-13,2.5,FM.B.U2.EUR.4F.KR.DFR.LEV,B,U2,EUR,4F,KR,DFR,LEV,A,F,,,P1D,,E,4F0,,,,,,,,,,,,,,,,7,,,Deposit facility - date of changes (raw data) - Level,"Euro area (changing composition) - Key interest rate - Deposit facility - date of changes (raw data) - Level - Euro, provided by ECB",PCPA,0
2007-03-14,2.75,FM.B.U2.EUR.4F.KR.DFR.LEV,B,U2,EUR,4F,KR,DFR,LEV,A,F,,,P1D,,E,4F0,,,,,,,,,,,,,,,,7,,,Deposit facility - date of changes (raw data) - Level,"Euro area (changing composition) - Key interest rate - Deposit facility - date of changes (raw data) - Level - Euro, provided by ECB",PCPA,0
2007-06-13,3.0,FM.B.U2.EUR.4F.KR.DFR.LEV,B,U2,EUR,4F,KR,DFR,LEV,A,F,,,P1D,,E,4F0,,,,,,,,,,,,,,,,7,,,Deposit facility - date of changes (raw data) - Level,"Euro area (changing composition) - Key interest rate - Deposit facility - date of changes (raw data) - Level - Euro, provided by ECB",PCPA,0
2008-07-09,3.25,FM.B.U2.EUR.4F.KR.DFR.LEV,B,U2,EUR,4F,KR,DFR,LEV,A,F,,,P1D,,E,4F0,,,,,,,,,,,,,,,,7,,,Deposit facility - date of changes (raw data) - Level,"Euro area (changing composition) - Key interest rate - Deposit facility - date of changes (raw data) - Level - Euro, provided by ECB",PCPA,0
2008-10-08,2.75,FM.B.U2.EUR.4F.KR.DFR.LEV,B,U2,EUR,4F,KR,DFR,LEV,A,F,,,P1D,,E,4F0,,,,,,,,,,,,,,,,7,,,Deposit facility - date of changes (raw data) - Level,"Euro area (changing composition) - Key interest rate - Deposit facility - date of changes (raw data) - Level - Euro, provided by ECB",PCPA,0
2008-10-09,3.25,FM.B.U2.EUR.4F.KR.DFR.LEV,B,U2,EUR,4F,KR,DFR,LEV,A,F,,,P1D,,E,4F0,,,,,,,,,,,,,,,,7,,,Deposit facility - date of changes (raw data) - Level,"Euro area (changing composition) - Key interest rate - Deposit facility - date of changes (raw data) - Level - Euro, provided by ECB",PCPA,0
2008-10-15,3.25,FM.B.U2.EUR.4F.KR.DFR.LEV,B,U2,EUR,4F,KR,DFR,LEV,A,F,,,P1D,,E,4F0,,,,,,,,,,,,,,,,7,,,Deposit facility - date of changes (raw data) - Level,"Euro area (changing composition) - Key interest rate - Deposit facility - date of changes (raw data) - Level - Euro, provided by ECB",PCPA,0
2008-11-12,2.75,FM.B.U2.EUR.4F.KR.DFR.LEV,B,U2,EUR,4F,KR,DFR,LEV,A,F,,,P1D,,E,4F0,,,,,,,,,,,,,,,,7,,,Deposit facility - date of changes (raw data) - Level,"Euro area (changing composition) - Key interest rate - Deposit facility - date of changes (raw data) - Level - Euro, provided by ECB",PCPA,0
2008-12-10,2.0,FM.B.U2.EUR.4F.KR.DFR.LEV,B,U2,EUR,4F,KR,DFR,LEV,A,F,,,P1D,,E,4F0,,,,,,,,,,,,,,,,7,,,Deposit facility - date of changes (raw data) - Level,"Euro area (changing composition) - Key interest rate - Deposit facility - date of changes (raw data) - Level - Euro, provided by ECB",PCPA,0
2009-01-21,1.0,FM.B.U2.EUR.4F.KR.DFR.LEV,B,U2,EUR,4F,KR,DFR,LEV,A,F,,,P1D,,E,4F0,,,,,,,,,,,,,,,,7,,,Deposit facility - date of changes (raw data) - Level,"Euro area (changing composition) - Key interest rate - Deposit facility - date of changes (raw data) - Level - Euro, provided by ECB",PCPA,0
2009-03-11,0.5,FM.B.U2.EUR.4F.KR.DFR.LEV,B,U2,EUR,4F,KR,DFR,LEV,A,F,,,P1D,,E,4F0,,,,,,,,,,,,,,,,7,,,Deposit facility - date of changes (raw data) - Level,"Euro area (changing composition) - Key interest rate - Deposit facility - date of changes (raw data) - Level - Euro, provided by ECB",PCPA,0
2009-04-08,0.25,FM.B.U2.EUR.4F.KR.DFR.LEV,B,U2,EUR,4F,KR,DFR,LEV,A,F,,,P1D,,E,4F0,,,,,,,,,,,,,,,,7,,,Deposit facility - date of changes (raw data) - Level,"Euro area (changing composition) - Key interest rate - Deposit facility - date of changes (raw data) - Level - Euro, provided by ECB",PCPA,0
2009-05-13,0.25,FM.B.U2.EUR.4F.KR.DFR.LEV,B,U2,EUR,4F,KR,DFR,LEV,A,F,,,P1D,,E,4F0,,,,,,,,,,,,,,,,7,,,Deposit facility - date of changes (raw data) - Level,"Euro area (changing composition) - Key interest rate - Deposit facility - date of changes (raw data) - Level - Euro, provided by ECB",PCPA,0
2011-04-13,0.5,FM.B.U2.EUR.4F.KR.DFR.LEV,B,U2,EUR,4F,KR,DFR,LEV,A,F,,,P1D,,E,4F0,,,,,,,,,,,,,,,,7,,,Deposit facility - date of changes (raw data) - Level,"Euro area (changing composition) - Key interest rate - Deposit facility - date of changes (raw data) - Level - Euro, provided by ECB",PCPA,0
2011-07-13,0.75,FM.B.U2.EUR.4F.KR.DFR.LEV,B,U2,EUR,4F,KR,DFR,LEV,A,F,,,P1D,,E,4F0,,,,,,,,,,,,,,,,7,,,Deposit facility - date of changes (raw data) - Level,"Euro area (changing composition) - Key interest rate - Deposit facility - date of changes (raw data) - Level - Euro, provided by ECB",PCPA,0
2011-11-09,0.5,FM.B.U2.EUR.4F.KR.DFR.LEV,B,U2,EUR,4F,KR,DFR,LEV,A,F,,,P1D,,E,4F0,,,,,,,,,,,,,,,,7,,,Deposit facility - date of changes (raw data) - Level,"Euro area (changing composition) - Key interest rate - Deposit facility - date of changes (raw data) - Level - Euro, provided by ECB",PCPA,0
2011-12-14,0.25,FM.B.U2.EUR.4F.KR.DFR.LEV,B,U2,EUR,4F,KR,DFR,LEV,A,F,,,P1D,,E,4F0,,,,,,,,,,,,,,,,7,,,Deposit facility - date of changes (raw data) - Level,"Euro area (changing composition) - Key interest rate - Deposit facility - date of changes (raw data) - Level - Euro, provided by ECB",PCPA,0
2012-07-11,0.0,FM.B.U2.EUR.4F.KR.DFR.LEV,B,U2,EUR,4F,KR,DFR,LEV,A,F,,,P1D,,E,4F0,,,,,,,,,,,,,,,,7,,,Deposit facility - date of changes (raw data) - Level,"Euro area (changing composition) - Key interest rate - Deposit facility - date of changes (raw data) - Level - Euro, provided by ECB",PCPA,0
2013-05-08,0.0,FM.B.U2.EUR.4F.KR.DFR.LEV,B,U2,EUR,4F,KR,DFR,LEV,A,F,,,P1D,,E,4F0,,,,,,,,,,,,,,,,7,,,Deposit facility - date of changes (raw data) - Level,"Euro area (changing composition) - Key interest rate - Deposit facility - date of changes (raw data) - Level - Euro, provided by ECB",PCPA,0
2013-11-13,0.0,FM.B.U2.EUR.4F.KR.DFR.LEV,B,U2,EUR,4F,KR,DFR,LEV,A,F,,,P1D,,E,4F0,,,,,,,,,,,,,,,,7,,,Deposit facility - date of changes (raw data) - Level,"Euro area (changing composition) - Key interest rate - Deposit facility - date of changes (raw data) - Level - Euro, provided by ECB",PCPA,0
2014-06-11,-0.1,FM.B.U2.EUR.4F.KR.DFR.LEV,B,U2,EUR,4F,KR,DFR,LEV,A,F,,,P1D,,E,4F0,,,,,,,,,,,,,,,,7,,,Deposit facility - date of changes (raw data) - Level,"Euro area (changing composition) - Key interest rate - Deposit facility - date of changes (raw data) - Level - Euro, provided by ECB",PCPA,0
2014-09-10,-0.2,FM.B.U2.EUR.4F.KR.DFR.LEV,B,U2,EUR,4F,KR,DFR,LEV,A,F,,,P1D,,E,4F0,,,,,,,,,,,,,,,,7,,,Deposit facility - date of changes (raw data) - Level,"Euro area (changing composition) - Key interest rate - Deposit facility - date of changes (raw data) - Level - Euro, provided by ECB",PCPA,0
2015-12-09,-0.3,FM.B.U2.EUR.4F.KR.DFR.LEV,B,U2,EUR,4F,KR,DFR,LEV,A,F,,,P1D,,E,4F0,,,,,,,,,,,,,,,,7,,,Deposit facility - date of changes (raw data) - Level,"Euro area (changing composition) - Key interest rate - Deposit facility - date of changes (raw data) - Level - Euro, provided by ECB",PCPA,0
2016-03-16,-0.4,FM.B.U2.EUR.4F.KR.DFR.LEV,B,U2,EUR,4F,KR,DFR,LEV,A,F,,,P1D,,E,4F0,,,,,,,,,,,,,,,,7,,,Deposit facility - date of changes (raw data) - Level,"Euro area (changing composition) - Key interest rate - Deposit facility - date of changes (raw data) - Level - Euro, provided by ECB",PCPA,0
2019-09-18,-0.5,FM.B.U2.EUR.4F.KR.DFR.LEV,B,U2,EUR,4F,KR,DFR,LEV,A,F,,,P1D,,E,4F0,,,,,,,,,,,,,,,,7,,,Deposit facility - date of changes (raw data) - Level,"Euro area (changing composition) - Key interest rate - Deposit facility - date of changes (raw data) - Level - Euro, provided by ECB",PCPA,0
2022-07-27,0.0,FM.B.U2.EUR.4F.KR.DFR.LEV,B,U2,EUR,4F,KR,DFR,LEV,A,F,,,P1D,,E,4F0,,,,,,,,,,,,,,,,7,,,Deposit facility - date of changes (raw data) - Level,"Euro area (changing composition) - Key interest rate - Deposit facility - date of changes (raw data) - Level - Euro, provided by ECB",PCPA,0
2022-09-14,0.75,FM.B.U2.EUR.4F.KR.DFR.LEV,B,U2,EUR,4F,KR,DFR,LEV,A,F,,,P1D,,E,4F0,,,,,,,,,,,,,,,,7,,,Deposit facility - date of changes (raw data) - Level,"Euro area (changing composition) - Key interest rate - Deposit facility - date of changes (raw data) - Level - Euro, provided by ECB",PCPA,0
2022-11-02,1.5,FM.B.U2.EUR.4F.KR.DFR.LEV,B,U2,EUR,4F,KR,DFR,LEV,A,F,,,P1D,,E,4F0,,,,,,,,,,,,,,,,7,,,Deposit facility - date of changes (raw data) - Level,"Euro area (changing composition) - Key interest rate - Deposit facility - date of changes (raw data) - Level - Euro, provided by ECB",PCPA,0
2022-12-21,2.0,FM.B.U2.EUR.4F.KR.DFR.LEV,B,U2,EUR,4F,KR,DFR,LEV,A,F,,,P1D,,E,4F0,,,,,,,,,,,,,,,,7,,,Deposit facility - date of changes (raw data) - Level,"Euro area (changing composition) - Key interest rate - Deposit facility - date of changes (raw data) - Level - Euro, provided by ECB",PCPA,0
2023-02-08,2.5,FM.B.U2.EUR.4F.KR.DFR.LEV,B,U2,EUR,4F,KR,DFR,LEV,A,F,,,P1D,,E,4F0,,,,,,,,,,,,,,,,7,,,Deposit facility - date of changes (raw data) - Level,"Euro area (changing composition) - Key interest rate - Deposit facility - date of changes (raw data) - Level - Euro, provided by ECB",PCPA,0
2023-03-22,3.0,FM.B.U2.EUR.4F.KR.DFR.LEV,B,U2,EUR,4F,KR,DFR,LEV,A,F,,,P1D,,E,4F0,,,,,,,,,,,,,,,,7,,,Deposit facility - date of changes (raw data) - Level,"Euro area (changing composition) - Key interest rate - Deposit facility - date of changes (raw data) - Level - Euro, provided by ECB",PCPA,0
2023-05-10,3.25,FM.B.U2.EUR.4F.KR.DFR.LEV,B,U2,EUR,4F,KR,DFR,LEV,A,F,,,P1D,,E,4F0,,,,,,,,,,,,,,,,7,,,Deposit facility - date of changes (raw data) - Level,"Euro area (changing composition) - Key interest rate - Deposit facility - date of changes (raw data) - Level - Euro, provided by ECB",PCPA,0
2023-06-21,3.5,FM.B.U2.EUR.4F.KR.DFR.LEV,B,U2,EUR,4F,KR,DFR,LEV,A,F,,,P1D,,E,4F0,,,,,,,,,,,,,,,,7,,,Deposit facility - date of changes (raw data) - Level,"Euro area (changing composition) - Key interest rate - Deposit facility - date of changes (raw data) - Level - Euro, provided by ECB",PCPA,0
2023-08-02,3.75,FM.B.U2.EUR.4F.KR.DFR.LEV,B,U2,EUR,4F,KR,DFR,LEV,A,F,,,P1D,,E,4F0,,,,,,,,,,,,,,,,7,,,Deposit facility - date of changes (raw data) - Level,"Euro area (changing composition) - Key interest rate - Deposit facility - date of changes (raw data) - Level - Euro, provided by ECB",PCPA,0
2023-09-20,4.0,FM.B.U2.EUR.4F.KR.DFR.LEV,B,U2,EUR,4F,KR,DFR,LEV,A,F,,,P1D,,E,4F0,,,,,,,,,,,,,,,,7,,,Deposit facility - date of changes (raw data) - Level,"Euro area (changing composition) - Key interest rate - Deposit facility - date of changes (raw data) - Level - Euro, provided by ECB",PCPA,0
2024-06-12,3.75,FM.B.U2.EUR.4F.KR.DFR.LEV,B,U2,EUR,4F,KR,DFR,LEV,A,F,,,P1D,,E,4F0,,,,,,,,,,,,,,,,7,,,Deposit facility - date of changes (raw data) - Level,"Euro area (changing composition) - Key interest rate - Deposit facility - date of changes (raw data) - Level - Euro, provided by ECB",PCPA,0
2024-09-18,3.5,FM.B.U2.EUR.4F.KR.DFR.LEV,B,U2,EUR,4F,KR,DFR,LEV,A,F,,,P1D,,E,4F0,,,,,,,,,,,,,,,,7,,,Deposit facility - date of changes (raw data) - Level,"Euro area (changing composition) - Key interest rate - Deposit facility - date of changes (raw data) - Level - Euro, provided by ECB",PCPA,0
2024-10-23,3.25,FM.B.U2.EUR.4F.KR.DFR.LEV,B,U2,EUR,4F,KR,DFR,LEV,A,F,,,P1D,,E,4F0,,,,,,,,,,,,,,,,7,,,Deposit facility - date of changes (raw data) - Level,"Euro area (changing composition) - Key interest rate - Deposit facility - date of changes (raw data) - Level - Euro, provided by ECB",PCPA,0
2024-12-18,3.0,FM.B.U2.EUR.4F.KR.DFR.LEV,B,U2,EUR,4F,KR,DFR,LEV,A,F,,,P1D,,E,4F0,,,,,,,,,,,,,,,,7,,,Deposit facility - date of changes (raw data) - Level,"Euro area (changing composition) - Key interest rate - Deposit facility - date of changes (raw data) - Level - Euro, provided by ECB",PCPA,0
2025-02-05,2.75,FM.B.U2.EUR.4F.KR.DFR.LEV,B,U2,EUR,4F,KR,DFR,LEV,A,F,,,P1D,,E,4F0,,,,,,,,,,,,,,,,7,,,Deposit facility - date of changes (raw data) - Level,"Euro area (changing composition) - Key interest rate - Deposit facility - date of changes (raw data) - Level - Euro, provided by ECB",PCPA,0
2025-03-12,2.5,FM.B.U2.EUR.4F.KR.DFR.LEV,B,U2,EUR,4F,KR,DFR,LEV,A,F,,,P1D,,E,4F0,,,,,,,,,,,,,,,,7,,,Deposit facility - date of changes (raw data) - Level,"Euro area (changing composition) - Key interest rate - Deposit facility - date of changes (raw data) - Level - Euro, provided by ECB",PCPA,0
2025-04-23,2.25,FM.B.U2.EUR.4F.KR.DFR.LEV,B,U2,EUR,4F,KR,DFR,LEV,A,F,,,P1D,,E,4F0,,,,,,,,,,,,,,,,7,,,Deposit facility - date of changes (raw data) - Level,"Euro area (changing composition) - Key interest rate - Deposit facility - date of changes (raw data) - Level - Euro, provided by ECB",PCPA,0
2025-06-11,2.0,FM.B.U2.EUR.4F.KR.DFR.LEV,B,U2,EUR,4F,KR,DFR,LEV,A,F,,,P1D,,E,4F0,,,,,,,,,,,,,,,,7,,,Deposit facility - date of changes (raw data) - Level,"Euro area (changing composition) - Key interest rate - Deposit facility - date of changes (raw data) - Level - Euro, provided by ECB",PCPA,0
2026-06-17,2.25,FM.B.U2.EUR.4F.KR.DFR.LEV,B,U2,EUR,4F,KR,DFR,LEV,A,F,,,P1D,,E,4F0,,,,,,,,,,,,,,,,7,,,Deposit facility - date of changes (raw data) - Level,"Euro area (changing composition) - Key interest rate - Deposit facility - date of changes (raw data) - Level - Euro, provided by ECB",PCPA,0
