observation_date,country,currency,isin,display_name,maturity_date,years_to_maturity,actual_yield_percent,fair_yield_percent,residual_bp,relative_value_label,curve_location,shorter_isin,shorter_gap_years,longer_isin,longer_gap_years,total_bracket_width_years,interpolation_quality_score,interpolation_quality,market_source,market_status,model_name,model_version,model_status
2026-09-04,Italy,EUR,IT0001174611,"Btp-1nv27 6,5%",2027-11-01,1.1471594798083504,2.98,2.922127659574468,5.787234042553191,CHEAP,FRONT_END,IT0005622128,0.0465434633812456,IT0005500068,0.08213552361396315,0.12867898699520874,0.5666666666666644,MEDIUM,Borsa Italiana / Skipper Informatica,PUBLIC_REFERENCE,LEAVE_ONE_OUT_LOCAL_LINEAR,LOCAL_LINEAR_PLAIN_FIXED_V1,REPOLENS_DERIVED
2026-09-04,Italy,EUR,IT0001278511,"Btp-1nv29 5,25%",2029-11-01,3.1485284052019167,3.28,3.3082666666666665,-2.826666666666666,RICH,BELLY,IT0005611055,0.08487337440109544,IT0005519787,0.12046543463381232,0.20533880903490775,0.7045454545454578,HIGH,Borsa Italiana / Skipper Informatica,PUBLIC_REFERENCE,LEAVE_ONE_OUT_LOCAL_LINEAR,LOCAL_LINEAR_PLAIN_FIXED_V1,REPOLENS_DERIVED
2026-09-04,Italy,EUR,IT0001444378,Btp-1mg31 6%,2031-05-01,4.643394934976044,3.49,3.504426229508197,-1.442622950819672,RICH,BELLY,IT0005422891,0.08213552361396292,IT0005707614,0.08487337440109499,0.16700889801505792,0.9677419354838713,HIGH,Borsa Italiana / Skipper Informatica,PUBLIC_REFERENCE,LEAVE_ONE_OUT_LOCAL_LINEAR,LOCAL_LINEAR_PLAIN_FIXED_V1,REPOLENS_DERIVED
2026-09-04,Italy,EUR,IT0003256820,"Btp-1fb33 5,75%",2033-02-01,6.401095140314853,3.74,3.7317307692307686,0.8269230769231584,CHEAP,BELLY,IT0005494239,0.16974674880218998,IT0005689994,0.11498973305954863,0.2847364818617386,0.6774193548387131,HIGH,Borsa Italiana / Skipper Informatica,PUBLIC_REFERENCE,LEAVE_ONE_OUT_LOCAL_LINEAR,LOCAL_LINEAR_PLAIN_FIXED_V1,REPOLENS_DERIVED
2026-09-04,Italy,EUR,IT0003535157,Btp-1ag34 5%,2034-08-01,7.8959616700889805,3.92,3.9315348837209303,-1.1534883720930367,RICH,BELLY,IT0005584856,0.08487337440109588,IT0005607970,0.5037645448323067,0.5886379192334026,0.08306370070778625,LOW,Borsa Italiana / Skipper Informatica,PUBLIC_REFERENCE,LEAVE_ONE_OUT_LOCAL_LINEAR,LOCAL_LINEAR_PLAIN_FIXED_V1,REPOLENS_DERIVED
2026-09-04,Italy,EUR,IT0003934657,Btp-1fb37 4%,2037-02-01,10.401095140314853,4.14,4.186291390728477,-4.629139072847721,RICH,LONG_END,IT0005729931,0.3367556468172488,IT0005433195,0.07665982203969968,0.41341546885694846,0.15980186291929258,LOW,Borsa Italiana / Skipper Informatica,PUBLIC_REFERENCE,LEAVE_ONE_OUT_LOCAL_LINEAR,LOCAL_LINEAR_PLAIN_FIXED_V1,REPOLENS_DERIVED
2026-09-04,Italy,EUR,IT0004286966,Btp-1ag39 5%,2039-08-01,12.895277207392198,4.36,4.374556962025316,-1.455696202531609,RICH,LONG_END,IT0005321325,0.9144421629021231,IT0005582421,0.16700889801505703,1.0814510609171801,0.0490108390813306,LOW,Borsa Italiana / Skipper Informatica,PUBLIC_REFERENCE,LEAVE_ONE_OUT_LOCAL_LINEAR,LOCAL_LINEAR_PLAIN_FIXED_V1,REPOLENS_DERIVED
2026-09-04,Italy,EUR,IT0004532559,Btp-1st40 5%,2040-09-01,13.982203969883642,4.41,4.442990654205608,-3.299065420560776,RICH,LONG_END,IT0005377152,0.5037645448323076,IT0005635583,0.08213552361396204,0.5859000684462696,0.08075985371799968,LOW,Borsa Italiana / Skipper Informatica,PUBLIC_REFERENCE,LEAVE_ONE_OUT_LOCAL_LINEAR,LOCAL_LINEAR_PLAIN_FIXED_V1,REPOLENS_DERIVED
2026-09-04,Italy,EUR,IT0004889033,"Btp Tf 4,75% St28 Eur",2028-09-01,1.9822039698836413,3.14,3.1337777777777784,0.6222222222221685,CHEAP,FRONT_END,IT0005548315,0.08487337440109521,IT0005729733,0.161533196440794,0.24640657084188922,0.5254237288135597,MEDIUM,Borsa Italiana / Skipper Informatica,PUBLIC_REFERENCE,LEAVE_ONE_OUT_LOCAL_LINEAR,LOCAL_LINEAR_PLAIN_FIXED_V1,REPOLENS_DERIVED
2026-09-04,Italy,EUR,IT0004923998,"Btp Tf 4,75% St44 Eur",2044-09-01,17.982203969883642,4.6,4.626177924217464,-2.617792421746401,RICH,LONG_END,IT0005530032,1.0020533880903493,IT0005438004,0.6598220396988346,1.6618754277891838,0.11498816179184537,LOW,Borsa Italiana / Skipper Informatica,PUBLIC_REFERENCE,LEAVE_ONE_OUT_LOCAL_LINEAR,LOCAL_LINEAR_PLAIN_FIXED_V1,REPOLENS_DERIVED
2026-09-04,Italy,EUR,IT0005024234,"Btp Tf 3,50% Mz30 Eur",2030-03-01,3.477070499657769,3.31,3.32,-0.9999999999999787,RICH,BELLY,IT0005519787,0.20807665982203982,IT0005383309,0.08487337440109499,0.2929500342231348,0.40408263649778564,MEDIUM,Borsa Italiana / Skipper Informatica,PUBLIC_REFERENCE,LEAVE_ONE_OUT_LOCAL_LINEAR,LOCAL_LINEAR_PLAIN_FIXED_V1,REPOLENS_DERIVED
2026-09-04,Italy,EUR,IT0005083057,"Btp Tf 3,25% St46 Eur",2046-09-01,19.980835044490075,4.69,4.688131147540983,0.1868852459017134,CHEAP,LONG_END,IT0005631608,0.33949349760437997,IT0005162828,0.4955509924709105,0.8350444900752905,0.23809437550946436,LOW,Borsa Italiana / Skipper Informatica,PUBLIC_REFERENCE,LEAVE_ONE_OUT_LOCAL_LINEAR,LOCAL_LINEAR_PLAIN_FIXED_V1,REPOLENS_DERIVED
2026-09-04,Italy,EUR,IT0005094088,"Btp Tf 1,65% Mz32 Eur",2032-03-01,5.478439425051334,3.59,3.5948087431693985,-0.48087431693986105,RICH,BELLY,IT0005449969,0.24914442162902084,IT0005466013,0.2518822724161538,0.5010266940451746,0.5729389403658806,MEDIUM,Borsa Italiana / Skipper Informatica,PUBLIC_REFERENCE,LEAVE_ONE_OUT_LOCAL_LINEAR,LOCAL_LINEAR_PLAIN_FIXED_V1,REPOLENS_DERIVED
2026-09-04,Italy,EUR,IT0005162828,"Btp Tf 2,7% Mz47 Eur",2047-03-01,20.476386036960985,4.7,4.699926873857404,0.007312614259635808,CHEAP,LONG_END,IT0005083057,0.4955509924709105,IT0005273013,1.0020533880903493,1.4976043805612598,0.09583320845945593,LOW,Borsa Italiana / Skipper Informatica,PUBLIC_REFERENCE,LEAVE_ONE_OUT_LOCAL_LINEAR,LOCAL_LINEAR_PLAIN_FIXED_V1,REPOLENS_DERIVED
2026-09-04,Italy,EUR,IT0005177909,"Btp Tf 2,25% St36 Eur",2036-09-01,9.982203969883642,4.12,4.160217391304348,-4.0217391304348205,RICH,BELLY,IT0005706285,0.16974674880219176,IT0005729931,0.08213552361396204,0.2518822724161538,0.48387096774192534,MEDIUM,Borsa Italiana / Skipper Informatica,PUBLIC_REFERENCE,LEAVE_ONE_OUT_LOCAL_LINEAR,LOCAL_LINEAR_PLAIN_FIXED_V1,REPOLENS_DERIVED
2026-09-04,Italy,EUR,IT0005210650,Btp Tf 1.25% Dc26 Eur,2026-12-01,0.2299794661190965,2.52,2.4780000000000006,4.199999999999937,CHEAP,FRONT_END,IT0001086567,0.08213552361396304,IT0005390874,0.12320328542094458,0.20533880903490762,0.6666666666666665,MEDIUM,Borsa Italiana / Skipper Informatica,PUBLIC_REFERENCE,LEAVE_ONE_OUT_LOCAL_LINEAR,LOCAL_LINEAR_PLAIN_FIXED_V1,REPOLENS_DERIVED
2026-09-04,Italy,EUR,IT0005217390,"Btp Tf 2,8% Mz67 Eur",2067-03-01,40.47638603696099,4.73,4.61883422281521,11.116577718479004,CHEAP,LONG_END,IT0005668238,11.414099931553732,IT0005441883,5.002053388090346,16.416153319644078,0.007747309271984467,LOW,Borsa Italiana / Skipper Informatica,PUBLIC_REFERENCE,LEAVE_ONE_OUT_LOCAL_LINEAR,LOCAL_LINEAR_PLAIN_FIXED_V1,REPOLENS_DERIVED
2026-09-04,Italy,EUR,IT0005240350,"Btp Tf 2,45% St33 Eur",2033-09-01,6.981519507186858,3.78,3.842391304347826,-6.239130434782636,RICH,BELLY,IT0005704868,0.21355236139630396,IT0005722845,0.03832991101984984,0.2518822724161538,0.1794871794871814,LOW,Borsa Italiana / Skipper Informatica,PUBLIC_REFERENCE,LEAVE_ONE_OUT_LOCAL_LINEAR,LOCAL_LINEAR_PLAIN_FIXED_V1,REPOLENS_DERIVED
2026-09-04,Italy,EUR,IT0005240830,"Btp Tf 2,20% Gn27 Eur",2027-06-01,0.7282683093771389,2.78,2.8355238095238096,-5.552380952380975,RICH,FRONT_END,IT0005484552,0.16700889801505814,IT0005599904,0.12046543463381243,0.28747433264887057,0.7213114754098361,HIGH,Borsa Italiana / Skipper Informatica,PUBLIC_REFERENCE,LEAVE_ONE_OUT_LOCAL_LINEAR,LOCAL_LINEAR_PLAIN_FIXED_V1,REPOLENS_DERIVED
2026-09-04,Italy,EUR,IT0005273013,"Btp Tf 3,45% Mz48 Eur",2048-03-01,21.478439425051334,4.72,4.72,0.0,ON_CURVE,LONG_END,IT0005162828,1.0020533880903493,IT0005363111,1.5030800821355221,2.5051334702258714,0.07723132969034621,LOW,Borsa Italiana / Skipper Informatica,PUBLIC_REFERENCE,LEAVE_ONE_OUT_LOCAL_LINEAR,LOCAL_LINEAR_PLAIN_FIXED_V1,REPOLENS_DERIVED
2026-09-04,Italy,EUR,IT0005274805,"Btp Tf 2,05% Ag27 Eur",2027-08-01,0.8952772073921971,2.86,2.881904761904762,-2.1904761904762093,RICH,FRONT_END,IT0005599904,0.04654346338124571,IT0005657330,0.06844626967830258,0.1149897330595483,0.6799999999999993,HIGH,Borsa Italiana / Skipper Informatica,PUBLIC_REFERENCE,LEAVE_ONE_OUT_LOCAL_LINEAR,LOCAL_LINEAR_PLAIN_FIXED_V1,REPOLENS_DERIVED
2026-09-04,Italy,EUR,IT0005321325,"Btp Tf 2,95% St38 Eur",2038-09-01,11.980835044490075,4.29,4.3084169884169885,-1.8416988416988467,RICH,LONG_END,IT0005496770,0.5037645448323058,IT0004286966,0.9144421629021231,1.418206707734429,0.11273206482787285,LOW,Borsa Italiana / Skipper Informatica,PUBLIC_REFERENCE,LEAVE_ONE_OUT_LOCAL_LINEAR,LOCAL_LINEAR_PLAIN_FIXED_V1,REPOLENS_DERIVED
2026-09-04,Italy,EUR,IT0005323032,"Btp Tf 2,00% Fb28 Eur",2028-02-01,1.3990417522245038,3.0,2.987191011235955,1.2808988764045015,CHEAP,FRONT_END,IT0005500068,0.1697467488021902,IT0005692410,0.07392197125256672,0.24366872005475693,0.43548387096774205,MEDIUM,Borsa Italiana / Skipper Informatica,PUBLIC_REFERENCE,LEAVE_ONE_OUT_LOCAL_LINEAR,LOCAL_LINEAR_PLAIN_FIXED_V1,REPOLENS_DERIVED
2026-09-04,Italy,EUR,IT0005340929,"Btp Tf 2,80% Dc28 Eur",2028-12-01,2.2313483915126624,3.11,3.168311688311688,-5.8311688311688314,RICH,BELLY,IT0005729733,0.08761122518822706,IT0005660052,0.12320328542094483,0.2108145106091719,0.711111111111108,HIGH,Borsa Italiana / Skipper Informatica,PUBLIC_REFERENCE,LEAVE_ONE_OUT_LOCAL_LINEAR,LOCAL_LINEAR_PLAIN_FIXED_V1,REPOLENS_DERIVED
2026-09-04,Italy,EUR,IT0005358806,"Btp Tf 3,35% Mz35 Eur",2035-03-01,8.476386036960985,3.98,3.9968181818181816,-1.6818181818181621,RICH,BELLY,IT0005607970,0.0766598220396979,IT0005508590,0.16427104722792585,0.24093086926762375,0.4666666666666616,MEDIUM,Borsa Italiana / Skipper Informatica,PUBLIC_REFERENCE,LEAVE_ONE_OUT_LOCAL_LINEAR,LOCAL_LINEAR_PLAIN_FIXED_V1,REPOLENS_DERIVED
2026-09-04,Italy,EUR,IT0005363111,"Btp Tf 3,85% St49 Eur",2049-09-01,22.981519507186857,4.75,4.762045951859956,-1.2045951859955828,RICH,LONG_END,IT0005273013,1.5030800821355221,IT0005398406,0.9993155373032181,2.5023956194387402,0.07710458243155466,LOW,Borsa Italiana / Skipper Informatica,PUBLIC_REFERENCE,LEAVE_ONE_OUT_LOCAL_LINEAR,LOCAL_LINEAR_PLAIN_FIXED_V1,REPOLENS_DERIVED
2026-09-04,Italy,EUR,IT0005365165,"Btp Tf 3,00% Ag29 Eur",2029-08-01,2.8966461327857633,3.22,3.288157894736842,-6.815789473684175,RICH,BELLY,IT0005584849,0.08487337440109544,IT0005716839,0.12320328542094439,0.20807665982203982,0.6888888888888922,HIGH,Borsa Italiana / Skipper Informatica,PUBLIC_REFERENCE,LEAVE_ONE_OUT_LOCAL_LINEAR,LOCAL_LINEAR_PLAIN_FIXED_V1,REPOLENS_DERIVED
2026-09-04,Italy,EUR,IT0005377152,"Btp Tf 3,1% Mz40 Eur",2040-03-01,13.478439425051334,4.4,4.399047619047619,0.09523809523814819,CHEAP,LONG_END,IT0005582421,0.41615331964407964,IT0004532559,0.5037645448323076,0.9199178644763872,0.260610766045548,LOW,Borsa Italiana / Skipper Informatica,PUBLIC_REFERENCE,LEAVE_ONE_OUT_LOCAL_LINEAR,LOCAL_LINEAR_PLAIN_FIXED_V1,REPOLENS_DERIVED
2026-09-04,Italy,EUR,IT0005383309,"Btp Tf 1,35% Ap30 Eur",2030-04-01,3.561943874058864,3.32,3.336320754716981,-1.6320754716981245,RICH,BELLY,IT0005024234,0.08487337440109499,IT0005542797,0.20533880903490775,0.29021218343600275,0.4133333333333323,MEDIUM,Borsa Italiana / Skipper Informatica,PUBLIC_REFERENCE,LEAVE_ONE_OUT_LOCAL_LINEAR,LOCAL_LINEAR_PLAIN_FIXED_V1,REPOLENS_DERIVED
2026-09-04,Italy,EUR,IT0005390874,"Btp Tf 0,85% Ge27 Eur",2027-01-15,0.3531827515400411,2.52,2.5496052631578943,-2.9605263157894246,RICH,FRONT_END,IT0005210650,0.12320328542094458,IT0005580045,0.0848733744010951,0.20807665982203968,0.6888888888888884,HIGH,Borsa Italiana / Skipper Informatica,PUBLIC_REFERENCE,LEAVE_ONE_OUT_LOCAL_LINEAR,LOCAL_LINEAR_PLAIN_FIXED_V1,REPOLENS_DERIVED
2026-09-04,Italy,EUR,IT0005398406,"Btp Tf 2,45% St50 Eur",2050-09-01,23.980835044490075,4.79,4.775,1.499999999999968,CHEAP,LONG_END,IT0005363111,0.9993155373032181,IT0005425233,0.9993155373032181,1.9986310746064362,0.14520547945205464,LOW,Borsa Italiana / Skipper Informatica,PUBLIC_REFERENCE,LEAVE_ONE_OUT_LOCAL_LINEAR,LOCAL_LINEAR_PLAIN_FIXED_V1,REPOLENS_DERIVED
2026-09-04,Italy,EUR,IT0005402117,"Btp Tf 1,45% Mz36 Eur",2036-03-01,9.478439425051334,4.1,4.107682119205298,-0.7682119205298044,RICH,BELLY,IT0005676504,0.07939767282683086,IT0005706285,0.33401779603011583,0.4134154688569467,0.16686570404950635,LOW,Borsa Italiana / Skipper Informatica,PUBLIC_REFERENCE,LEAVE_ONE_OUT_LOCAL_LINEAR,LOCAL_LINEAR_PLAIN_FIXED_V1,REPOLENS_DERIVED
2026-09-04,Italy,EUR,IT0005403396,"Btp Tf 0,95% Ag30 Eur",2030-08-01,3.89596167008898,3.39,3.413478260869565,-2.347826086956495,RICH,BELLY,IT0005637399,0.08487337440109499,IT0005654642,0.16700889801505836,0.25188227241615335,0.508196721311474,MEDIUM,Borsa Italiana / Skipper Informatica,PUBLIC_REFERENCE,LEAVE_ONE_OUT_LOCAL_LINEAR,LOCAL_LINEAR_PLAIN_FIXED_V1,REPOLENS_DERIVED
2026-09-04,Italy,EUR,IT0005413171,"Btp Tf 1,65% Dc30 Eur",2030-12-01,4.229979466119096,3.44,3.4661538461538464,-2.6153846153846416,RICH,BELLY,IT0005561888,0.043805612594113086,IT0005671273,0.16974674880218998,0.21355236139630307,0.25806451612902953,LOW,Borsa Italiana / Skipper Informatica,PUBLIC_REFERENCE,LEAVE_ONE_OUT_LOCAL_LINEAR,LOCAL_LINEAR_PLAIN_FIXED_V1,REPOLENS_DERIVED
2026-09-04,Italy,EUR,IT0005416570,"Btp Tf 0,95% St27 Eur",2027-09-15,1.0184804928131417,2.77,2.9139999999999997,-14.399999999999968,RICH,FRONT_END,IT0005657330,0.05475701574264202,IT0005622128,0.08213552361396315,0.13689253935660517,0.6666666666666657,MEDIUM,Borsa Italiana / Skipper Informatica,PUBLIC_REFERENCE,LEAVE_ONE_OUT_LOCAL_LINEAR,LOCAL_LINEAR_PLAIN_FIXED_V1,REPOLENS_DERIVED
2026-09-04,Italy,EUR,IT0005421703,"Btp Tf 1,8% Mz41 Eur",2041-03-01,14.477754962354553,4.46,4.478958904109589,-1.8958904109589447,RICH,LONG_END,IT0005635583,0.41341546885694846,IT0005694630,0.5859000684462696,0.9993155373032181,0.2049161438996291,LOW,Borsa Italiana / Skipper Informatica,PUBLIC_REFERENCE,LEAVE_ONE_OUT_LOCAL_LINEAR,LOCAL_LINEAR_PLAIN_FIXED_V1,REPOLENS_DERIVED
2026-09-04,Italy,EUR,IT0005422891,"Btp Tf 0,90% Ap31 Eur",2031-04-01,4.561259411362081,3.47,3.49,-2.0000000000000018,RICH,BELLY,IT0005580094,0.12320328542094483,IT0001444378,0.08213552361396292,0.20533880903490775,0.6666666666666643,MEDIUM,Borsa Italiana / Skipper Informatica,PUBLIC_REFERENCE,LEAVE_ONE_OUT_LOCAL_LINEAR,LOCAL_LINEAR_PLAIN_FIXED_V1,REPOLENS_DERIVED
2026-09-04,Italy,EUR,IT0005425233,"Btp Tf 1,7% St51 Eur",2051-09-01,24.980150581793293,4.8,4.799986320109438,0.0013679890561668628,CHEAP,LONG_END,IT0005398406,0.9993155373032181,IT0005480980,1.0020533880903493,2.0013689253935674,0.14461064639351742,LOW,Borsa Italiana / Skipper Informatica,PUBLIC_REFERENCE,LEAVE_ONE_OUT_LOCAL_LINEAR,LOCAL_LINEAR_PLAIN_FIXED_V1,REPOLENS_DERIVED
2026-09-04,Italy,EUR,IT0005433195,"Btp Tf 0,95% Mz37 Eur",2037-03-01,10.477754962354553,4.19,4.14929889298893,4.070110701107055,CHEAP,LONG_END,IT0003934657,0.07665982203969968,IT0005596470,0.6652977412731005,0.7419575633128002,0.045070080330433394,LOW,Borsa Italiana / Skipper Informatica,PUBLIC_REFERENCE,LEAVE_ONE_OUT_LOCAL_LINEAR,LOCAL_LINEAR_PLAIN_FIXED_V1,REPOLENS_DERIVED
2026-09-04,Italy,EUR,IT0005433690,"Btp Tf 0,25% Mz28 Eur",2028-03-15,1.516769336071184,3.02,3.0600000000000005,-4.000000000000048,RICH,FRONT_END,IT0005692410,0.04380561259411353,IT0005521981,0.04654346338124582,0.09034907597535935,0.9411764705882314,HIGH,Borsa Italiana / Skipper Informatica,PUBLIC_REFERENCE,LEAVE_ONE_OUT_LOCAL_LINEAR,LOCAL_LINEAR_PLAIN_FIXED_V1,REPOLENS_DERIVED
2026-09-04,Italy,EUR,IT0005436693,"Btp Tf 0,6% Ag31 Eur",2031-08-01,4.895277207392197,3.52,3.5347663551401864,-1.4766355140186427,RICH,BELLY,IT0005595803,0.046543463381245154,IT0005542359,0.24640657084188966,0.2929500342231348,0.18712357217029846,LOW,Borsa Italiana / Skipper Informatica,PUBLIC_REFERENCE,LEAVE_ONE_OUT_LOCAL_LINEAR,LOCAL_LINEAR_PLAIN_FIXED_V1,REPOLENS_DERIVED
2026-09-04,Italy,EUR,IT0005438004,"Btpgreen 1,5%Ap45eur",2045-04-30,18.642026009582477,4.65,4.631815181518151,1.8184818481849163,CHEAP,LONG_END,IT0004923998,0.6598220396988346,IT0005631608,0.9993155373032181,1.6591375770020527,0.11549346715493428,LOW,Borsa Italiana / Skipper Informatica,PUBLIC_REFERENCE,LEAVE_ONE_OUT_LOCAL_LINEAR,LOCAL_LINEAR_PLAIN_FIXED_V1,REPOLENS_DERIVED
2026-09-04,Italy,EUR,IT0005445306,"Btp Tf 0,5% Lg28 Eur",2028-07-15,1.8507871321013005,2.77,3.1163829787234043,-34.63829787234043,RICH,FRONT_END,IT0005641029,0.08213552361396315,IT0005548315,0.0465434633812456,0.12867898699520874,0.5666666666666644,MEDIUM,Borsa Italiana / Skipper Informatica,PUBLIC_REFERENCE,LEAVE_ONE_OUT_LOCAL_LINEAR,LOCAL_LINEAR_PLAIN_FIXED_V1,REPOLENS_DERIVED
2026-09-04,Italy,EUR,IT0005449969,"Btp Tf 0,95% Dc31 Eur",2031-12-01,5.229295003422314,3.56,3.5814953271028034,-2.149532710280333,RICH,BELLY,IT0005619546,0.043805612594113974,IT0005094088,0.24914442162902084,0.2929500342231348,0.1741809592276899,LOW,Borsa Italiana / Skipper Informatica,PUBLIC_REFERENCE,LEAVE_ONE_OUT_LOCAL_LINEAR,LOCAL_LINEAR_PLAIN_FIXED_V1,REPOLENS_DERIVED
2026-09-04,Italy,EUR,IT0005466013,"Btp Tf 0,95% Gn32 Eur",2032-06-01,5.730321697467488,3.63,3.650882352941177,-2.088235294117702,RICH,BELLY,IT0005094088,0.2518822724161538,IT0005647265,0.12046543463381187,0.37234770704996567,0.3727621483375935,MEDIUM,Borsa Italiana / Skipper Informatica,PUBLIC_REFERENCE,LEAVE_ONE_OUT_LOCAL_LINEAR,LOCAL_LINEAR_PLAIN_FIXED_V1,REPOLENS_DERIVED
2026-09-04,Italy,EUR,IT0005467482,"Btp Tf 0,45% Fb29 Eur",2029-02-15,2.439425051334702,3.16,3.2033333333333336,-4.333333333333345,RICH,BELLY,IT0005566408,0.038329911019849394,IT0005689960,0.07665982203969879,0.11498973305954818,0.5,MEDIUM,Borsa Italiana / Skipper Informatica,PUBLIC_REFERENCE,LEAVE_ONE_OUT_LOCAL_LINEAR,LOCAL_LINEAR_PLAIN_FIXED_V1,REPOLENS_DERIVED
2026-09-04,Italy,EUR,IT0005480980,"Btp Tf 2,15% St52 Eur",2052-09-01,25.982203969883642,4.81,4.824047306176084,-1.4047306176084184,RICH,LONG_END,IT0005425233,1.0020533880903493,IT0005534141,1.0814510609171784,2.0835044490075276,0.12906402302100864,LOW,Borsa Italiana / Skipper Informatica,PUBLIC_REFERENCE,LEAVE_ONE_OUT_LOCAL_LINEAR,LOCAL_LINEAR_PLAIN_FIXED_V1,REPOLENS_DERIVED
2026-09-04,Italy,EUR,IT0005484552,"Btp Tf 1,1% Ap27 Eur",2027-04-01,0.5612594113620808,2.76,2.7482291666666665,1.1770833333333286,CHEAP,FRONT_END,IT0005633794,0.0958247775496236,IT0005240830,0.16700889801505814,0.26283367556468173,0.5737704918032791,MEDIUM,Borsa Italiana / Skipper Informatica,PUBLIC_REFERENCE,LEAVE_ONE_OUT_LOCAL_LINEAR,LOCAL_LINEAR_PLAIN_FIXED_V1,REPOLENS_DERIVED
2026-09-04,Italy,EUR,IT0005494239,"Btp Tf 2,5% Dc32 Eur",2032-12-01,6.231348391512663,3.69,3.7241025641025645,-3.4102564102564514,RICH,BELLY,IT0005668220,0.043805612594113974,IT0003256820,0.16974674880218998,0.21355236139630396,0.2580645161290348,LOW,Borsa Italiana / Skipper Informatica,PUBLIC_REFERENCE,LEAVE_ONE_OUT_LOCAL_LINEAR,LOCAL_LINEAR_PLAIN_FIXED_V1,REPOLENS_DERIVED
2026-09-04,Italy,EUR,IT0005495731,"Btp Tf 2,80% Gn29 Eur",2029-06-15,2.7679671457905544,3.24,3.2696296296296294,-2.962962962962923,RICH,BELLY,IT0005689960,0.25188227241615335,IT0005584849,0.04380561259411353,0.2956878850102669,0.17069243156199643,LOW,Borsa Italiana / Skipper Informatica,PUBLIC_REFERENCE,LEAVE_ONE_OUT_LOCAL_LINEAR,LOCAL_LINEAR_PLAIN_FIXED_V1,REPOLENS_DERIVED
2026-09-04,Italy,EUR,IT0005496770,"Btp Tf 3,25% Mz38 Eur",2038-03-01,11.477070499657769,4.28,4.253921568627451,2.6078431372549282,CHEAP,LONG_END,IT0005596470,0.33401779603011583,IT0005321325,0.5037645448323058,0.8377823408624216,0.22968172776356957,LOW,Borsa Italiana / Skipper Informatica,PUBLIC_REFERENCE,LEAVE_ONE_OUT_LOCAL_LINEAR,LOCAL_LINEAR_PLAIN_FIXED_V1,REPOLENS_DERIVED
2026-09-04,Italy,EUR,IT0005500068,"Btp Tf 2,65% Dc27 Eur",2027-12-01,1.2292950034223136,2.82,2.986521739130435,-16.652173913043498,RICH,FRONT_END,IT0001174611,0.08213552361396315,IT0005323032,0.1697467488021902,0.25188227241615335,0.48387096774193633,MEDIUM,Borsa Italiana / Skipper Informatica,PUBLIC_REFERENCE,LEAVE_ONE_OUT_LOCAL_LINEAR,LOCAL_LINEAR_PLAIN_FIXED_V1,REPOLENS_DERIVED
2026-09-04,Italy,EUR,IT0005508590,Btpgreen 4%Ap35eur,2035-04-30,8.640657084188911,3.99,4.011372549019608,-2.1372549019607945,RICH,BELLY,IT0005358806,0.16427104722792585,IT0005631590,0.25462012320328675,0.4188911704312126,0.44697448872021517,MEDIUM,Borsa Italiana / Skipper Informatica,PUBLIC_REFERENCE,LEAVE_ONE_OUT_LOCAL_LINEAR,LOCAL_LINEAR_PLAIN_FIXED_V1,REPOLENS_DERIVED
2026-09-04,Italy,EUR,IT0005518128,"Btp Tf 4,40% Mg33 Eur",2033-05-01,6.6447638603696095,3.76,3.7804347826086953,-2.0434782608695468,RICH,BELLY,IT0005689994,0.12867898699520808,IT0005704868,0.12320328542094483,0.2518822724161529,0.9574468085106455,HIGH,Borsa Italiana / Skipper Informatica,PUBLIC_REFERENCE,LEAVE_ONE_OUT_LOCAL_LINEAR,LOCAL_LINEAR_PLAIN_FIXED_V1,REPOLENS_DERIVED
2026-09-04,Italy,EUR,IT0005519787,"Btp Tf 3,85% Dc29 Eur",2029-12-15,3.268993839835729,3.32,3.291,2.8999999999999915,CHEAP,BELLY,IT0001278511,0.12046543463381232,IT0005024234,0.20807665982203982,0.32854209445585214,0.511403508771929,MEDIUM,Borsa Italiana / Skipper Informatica,PUBLIC_REFERENCE,LEAVE_ONE_OUT_LOCAL_LINEAR,LOCAL_LINEAR_PLAIN_FIXED_V1,REPOLENS_DERIVED
2026-09-04,Italy,EUR,IT0005521981,"Btp Tf 3,4% Ap28 Eur",2028-04-01,1.5633127994524298,3.06,3.0366304347826087,2.336956521739131,CHEAP,FRONT_END,IT0005433690,0.04654346338124582,IT0005641029,0.20533880903490753,0.25188227241615335,0.2266666666666672,LOW,Borsa Italiana / Skipper Informatica,PUBLIC_REFERENCE,LEAVE_ONE_OUT_LOCAL_LINEAR,LOCAL_LINEAR_PLAIN_FIXED_V1,REPOLENS_DERIVED
2026-09-04,Italy,EUR,IT0005530032,"Btp Tf 4,45% St43 Eur",2043-09-01,16.980150581793293,4.59,4.572532833020637,1.746716697936268,CHEAP,LONG_END,IT0005694630,1.9164955509924706,IT0004923998,1.0020533880903493,2.91854893908282,0.051991423210935424,LOW,Borsa Italiana / Skipper Informatica,PUBLIC_REFERENCE,LEAVE_ONE_OUT_LOCAL_LINEAR,LOCAL_LINEAR_PLAIN_FIXED_V1,REPOLENS_DERIVED
2026-09-04,Italy,EUR,IT0005534141,"Btp Tf 4,5% Ot53 Eur",2053-10-01,27.06365503080082,4.85,4.841184210526316,0.8815789473683999,CHEAP,LONG_END,IT0005480980,1.0814510609171784,IT0005611741,0.9993155373032181,2.0807665982203964,0.1288807461692209,LOW,Borsa Italiana / Skipper Informatica,PUBLIC_REFERENCE,LEAVE_ONE_OUT_LOCAL_LINEAR,LOCAL_LINEAR_PLAIN_FIXED_V1,REPOLENS_DERIVED
2026-09-04,Italy,EUR,IT0005542359,Btpgreen 4%Ot31eur,2031-10-30,5.1416837782340865,3.56,3.570943396226415,-1.0943396226414936,RICH,BELLY,IT0005436693,0.24640657084188966,IT0005619546,0.043805612594113086,0.29021218343600275,0.1777777777777752,LOW,Borsa Italiana / Skipper Informatica,PUBLIC_REFERENCE,LEAVE_ONE_OUT_LOCAL_LINEAR,LOCAL_LINEAR_PLAIN_FIXED_V1,REPOLENS_DERIVED
2026-09-04,Italy,EUR,IT0005542797,"Btp Tf 3,7% Gn30 Eur",2030-06-15,3.7672826830937716,3.4,3.385934065934066,1.4065934065933927,CHEAP,BELLY,IT0005383309,0.20533880903490775,IT0005637399,0.04380561259411353,0.24914442162902128,0.21333333333333274,LOW,Borsa Italiana / Skipper Informatica,PUBLIC_REFERENCE,LEAVE_ONE_OUT_LOCAL_LINEAR,LOCAL_LINEAR_PLAIN_FIXED_V1,REPOLENS_DERIVED
2026-09-04,Italy,EUR,IT0005544082,"Btp Tf 4,35% Nv33 Eur",2033-11-01,7.148528405201916,3.84,3.86125748502994,-2.125748502994007,RICH,BELLY,IT0005722845,0.12867898699520808,IT0005560948,0.3285420944558526,0.45722108145106066,0.2486027944111761,LOW,Borsa Italiana / Skipper Informatica,PUBLIC_REFERENCE,LEAVE_ONE_OUT_LOCAL_LINEAR,LOCAL_LINEAR_PLAIN_FIXED_V1,REPOLENS_DERIVED
2026-09-04,Italy,EUR,IT0005548315,"Btp Tf 3,8% Ag28 Eur",2028-08-01,1.8973305954825461,3.12,2.9010416666666665,21.895833333333357,CHEAP,FRONT_END,IT0005445306,0.0465434633812456,IT0004889033,0.08487337440109521,0.1314168377823408,0.5483870967741916,MEDIUM,Borsa Italiana / Skipper Informatica,PUBLIC_REFERENCE,LEAVE_ONE_OUT_LOCAL_LINEAR,LOCAL_LINEAR_PLAIN_FIXED_V1,REPOLENS_DERIVED
2026-09-04,Italy,EUR,IT0005560948,"Btp Tf 4,2% Mz34 Eur",2034-03-01,7.477070499657769,3.89,3.879669421487603,1.033057851239727,CHEAP,BELLY,IT0005544082,0.3285420944558526,IT0005584856,0.33401779603011583,0.6625598904859684,0.430835930090775,MEDIUM,Borsa Italiana / Skipper Informatica,PUBLIC_REFERENCE,LEAVE_ONE_OUT_LOCAL_LINEAR,LOCAL_LINEAR_PLAIN_FIXED_V1,REPOLENS_DERIVED
2026-09-04,Italy,EUR,IT0005561888,Btp Fx 4% Nov30 Eur,2030-11-15,4.186173853524983,3.46,3.44,2.0000000000000018,CHEAP,BELLY,IT0005654642,0.12320328542094483,IT0005413171,0.043805612594113086,0.16700889801505792,0.3555555555555504,MEDIUM,Borsa Italiana / Skipper Informatica,PUBLIC_REFERENCE,LEAVE_ONE_OUT_LOCAL_LINEAR,LOCAL_LINEAR_PLAIN_FIXED_V1,REPOLENS_DERIVED
2026-09-04,Italy,EUR,IT0005566408,Btp Fx 4.1% Feb29 Eur,2029-02-01,2.401095140314853,3.2,3.169032258064516,3.0967741935484128,CHEAP,BELLY,IT0005660052,0.0465434633812456,IT0005467482,0.038329911019849394,0.08487337440109499,0.8235294117647076,HIGH,Borsa Italiana / Skipper Informatica,PUBLIC_REFERENCE,LEAVE_ONE_OUT_LOCAL_LINEAR,LOCAL_LINEAR_PLAIN_FIXED_V1,REPOLENS_DERIVED
2026-09-04,Italy,EUR,IT0005580045,Btp Fx 2.95% Feb27 Eur,2027-02-15,0.4380561259411362,2.57,2.678780487804878,-10.878048780487815,RICH,FRONT_END,IT0005390874,0.0848733744010951,IT0005633794,0.02737850787132101,0.11225188227241611,0.3225806451612904,LOW,Borsa Italiana / Skipper Informatica,PUBLIC_REFERENCE,LEAVE_ONE_OUT_LOCAL_LINEAR,LOCAL_LINEAR_PLAIN_FIXED_V1,REPOLENS_DERIVED
2026-09-04,Italy,EUR,IT0005580094,Btp Fx 3.5% Feb31 Eur,2031-02-15,4.438056125941136,3.49,3.485254237288136,0.474576271186411,CHEAP,BELLY,IT0005671273,0.03832991101984984,IT0005422891,0.12320328542094483,0.16153319644079467,0.31111111111111384,LOW,Borsa Italiana / Skipper Informatica,PUBLIC_REFERENCE,LEAVE_ONE_OUT_LOCAL_LINEAR,LOCAL_LINEAR_PLAIN_FIXED_V1,REPOLENS_DERIVED
2026-09-04,Italy,EUR,IT0005582421,Btp Fx 4.15% Oct39 Eur,2039-10-01,13.062286105407255,4.39,4.371455399061033,1.8544600938966482,CHEAP,LONG_END,IT0004286966,0.16700889801505703,IT0005377152,0.41615331964407964,0.5831622176591367,0.19971583889300598,LOW,Borsa Italiana / Skipper Informatica,PUBLIC_REFERENCE,LEAVE_ONE_OUT_LOCAL_LINEAR,LOCAL_LINEAR_PLAIN_FIXED_V1,REPOLENS_DERIVED
2026-09-04,Italy,EUR,IT0005584849,Btp Fx 3.35% Jul29 Eur,2029-07-01,2.811772758384668,3.28,3.2331914893617024,4.6808510638297385,CHEAP,BELLY,IT0005495731,0.04380561259411353,IT0005365165,0.08487337440109544,0.12867898699520897,0.5161290322580616,MEDIUM,Borsa Italiana / Skipper Informatica,PUBLIC_REFERENCE,LEAVE_ONE_OUT_LOCAL_LINEAR,LOCAL_LINEAR_PLAIN_FIXED_V1,REPOLENS_DERIVED
2026-09-04,Italy,EUR,IT0005584856,Btp Fx 3.85% Jul34 Eur,2034-07-01,7.811088295687885,3.92,3.913921568627451,0.607843137254882,CHEAP,BELLY,IT0005560948,0.33401779603011583,IT0003535157,0.08487337440109588,0.4188911704312117,0.1760420015000553,LOW,Borsa Italiana / Skipper Informatica,PUBLIC_REFERENCE,LEAVE_ONE_OUT_LOCAL_LINEAR,LOCAL_LINEAR_PLAIN_FIXED_V1,REPOLENS_DERIVED
2026-09-04,Italy,EUR,IT0005595803,Btp Fx 3.45% Jul31 Eur,2031-07-15,4.848733744010952,3.53,3.5255737704918033,0.44262295081964886,CHEAP,BELLY,IT0005707614,0.12046543463381276,IT0005436693,0.046543463381245154,0.16700889801505792,0.3863636363636307,MEDIUM,Borsa Italiana / Skipper Informatica,PUBLIC_REFERENCE,LEAVE_ONE_OUT_LOCAL_LINEAR,LOCAL_LINEAR_PLAIN_FIXED_V1,REPOLENS_DERIVED
2026-09-04,Italy,EUR,IT0005596470,Btp Green Fx 4.05% Oct37 Eur,2037-10-30,11.143052703627653,4.23,4.249917808219179,-1.9917808219178212,RICH,LONG_END,IT0005433195,0.6652977412731005,IT0005496770,0.33401779603011583,0.9993155373032163,0.1458030328654376,LOW,Borsa Italiana / Skipper Informatica,PUBLIC_REFERENCE,LEAVE_ONE_OUT_LOCAL_LINEAR,LOCAL_LINEAR_PLAIN_FIXED_V1,REPOLENS_DERIVED
2026-09-04,Italy,EUR,IT0005599904,Btp Fx 3.45% Jul27 Eur,2027-07-15,0.8487337440109514,2.89,2.837704918032787,5.2295081967213,CHEAP,FRONT_END,IT0005240830,0.12046543463381243,IT0005274805,0.04654346338124571,0.16700889801505814,0.38636363636363635,MEDIUM,Borsa Italiana / Skipper Informatica,PUBLIC_REFERENCE,LEAVE_ONE_OUT_LOCAL_LINEAR,LOCAL_LINEAR_PLAIN_FIXED_V1,REPOLENS_DERIVED
2026-09-04,Italy,EUR,IT0005607970,Btp Fx 3.85% Feb35 Eur,2035-02-01,8.399726214921287,4.0,3.9720754716981133,2.792452830188674,CHEAP,BELLY,IT0003535157,0.5037645448323067,IT0005358806,0.0766598220396979,0.5804243668720046,0.07608695652173832,LOW,Borsa Italiana / Skipper Informatica,PUBLIC_REFERENCE,LEAVE_ONE_OUT_LOCAL_LINEAR,LOCAL_LINEAR_PLAIN_FIXED_V1,REPOLENS_DERIVED
2026-09-04,Italy,EUR,IT0005611055,Btp Fx 3% Oct29 Eur,2029-10-01,3.0636550308008212,3.3,3.293191489361702,0.6808510638297793,CHEAP,BELLY,IT0005716839,0.04380561259411353,IT0001278511,0.08487337440109544,0.12867898699520897,0.5161290322580616,MEDIUM,Borsa Italiana / Skipper Informatica,PUBLIC_REFERENCE,LEAVE_ONE_OUT_LOCAL_LINEAR,LOCAL_LINEAR_PLAIN_FIXED_V1,REPOLENS_DERIVED
2026-09-04,Italy,EUR,IT0005611741,Btp Fx 4.3% Oct54 Eur,2054-10-01,28.06297056810404,4.87,4.869999999999999,8.881784197001252e-14,ON_CURVE,LONG_END,IT0005534141,0.9993155373032181,IT0005668238,0.9993155373032181,1.9986310746064362,0.14520547945205464,LOW,Borsa Italiana / Skipper Informatica,PUBLIC_REFERENCE,LEAVE_ONE_OUT_LOCAL_LINEAR,LOCAL_LINEAR_PLAIN_FIXED_V1,REPOLENS_DERIVED
2026-09-04,Italy,EUR,IT0005619546,Btp Fx 3.15% Nov31 Eur,2031-11-15,5.1854893908282,3.58,3.5600000000000005,1.9999999999999574,CHEAP,BELLY,IT0005542359,0.043805612594113086,IT0005449969,0.043805612594113974,0.08761122518822706,0.9999999999999797,HIGH,Borsa Italiana / Skipper Informatica,PUBLIC_REFERENCE,LEAVE_ONE_OUT_LOCAL_LINEAR,LOCAL_LINEAR_PLAIN_FIXED_V1,REPOLENS_DERIVED
2026-09-04,Italy,EUR,IT0005622128,Btp Fx 2.7% Oct27 Eur,2027-10-15,1.1006160164271048,2.98,2.9040425531914895,7.5957446808510465,CHEAP,FRONT_END,IT0005416570,0.08213552361396315,IT0001174611,0.0465434633812456,0.12867898699520874,0.5666666666666644,MEDIUM,Borsa Italiana / Skipper Informatica,PUBLIC_REFERENCE,LEAVE_ONE_OUT_LOCAL_LINEAR,LOCAL_LINEAR_PLAIN_FIXED_V1,REPOLENS_DERIVED
2026-09-04,Italy,EUR,IT0005631590,Btp Fx 3.65% Aug35 Eur,2035-08-01,8.895277207392198,4.06,4.038311688311689,2.168831168831087,CHEAP,BELLY,IT0005508590,0.25462012320328675,IT0005648149,0.16700889801505703,0.4216290212183438,0.45147325792486515,MEDIUM,Borsa Italiana / Skipper Informatica,PUBLIC_REFERENCE,LEAVE_ONE_OUT_LOCAL_LINEAR,LOCAL_LINEAR_PLAIN_FIXED_V1,REPOLENS_DERIVED
2026-09-04,Italy,EUR,IT0005631608,Btp Green Fx 4.1% Apr46 Eur,2046-04-30,19.641341546885695,4.68,4.679856850715747,0.014314928425296358,CHEAP,LONG_END,IT0005438004,0.9993155373032181,IT0005083057,0.33949349760437997,1.338809034907598,0.07364204274869014,LOW,Borsa Italiana / Skipper Informatica,PUBLIC_REFERENCE,LEAVE_ONE_OUT_LOCAL_LINEAR,LOCAL_LINEAR_PLAIN_FIXED_V1,REPOLENS_DERIVED
2026-09-04,Italy,EUR,IT0005633794,Btp Fx 2.55% Feb27 Eur,2027-02-25,0.4654346338124572,2.73,2.612222222222222,11.777777777777798,CHEAP,FRONT_END,IT0005580045,0.02737850787132101,IT0005484552,0.0958247775496236,0.12320328542094461,0.28571428571428553,LOW,Borsa Italiana / Skipper Informatica,PUBLIC_REFERENCE,LEAVE_ONE_OUT_LOCAL_LINEAR,LOCAL_LINEAR_PLAIN_FIXED_V1,REPOLENS_DERIVED
2026-09-04,Italy,EUR,IT0005635583,Btp Fx 3.85% Oct40 Eur,2040-10-01,14.064339493497604,4.45,4.41828729281768,3.1712707182320443,CHEAP,LONG_END,IT0004532559,0.08213552361396204,IT0005421703,0.41341546885694846,0.4955509924709105,0.11635139585086354,LOW,Borsa Italiana / Skipper Informatica,PUBLIC_REFERENCE,LEAVE_ONE_OUT_LOCAL_LINEAR,LOCAL_LINEAR_PLAIN_FIXED_V1,REPOLENS_DERIVED
2026-09-04,Italy,EUR,IT0005637399,Btp Fx 2.95% Jul30 Eur,2030-07-01,3.811088295687885,3.4,3.396595744680851,0.34042553191491187,CHEAP,BELLY,IT0005542797,0.04380561259411353,IT0005403396,0.08487337440109499,0.12867898699520852,0.5161290322580644,MEDIUM,Borsa Italiana / Skipper Informatica,PUBLIC_REFERENCE,LEAVE_ONE_OUT_LOCAL_LINEAR,LOCAL_LINEAR_PLAIN_FIXED_V1,REPOLENS_DERIVED
2026-09-04,Italy,EUR,IT0005641029,Btp Fx 2.65% Jun28 Eur,2028-06-15,1.7686516084873374,3.11,2.852857142857143,25.714285714285666,CHEAP,FRONT_END,IT0005521981,0.20533880903490753,IT0005445306,0.08213552361396315,0.2874743326488707,0.40000000000000063,MEDIUM,Borsa Italiana / Skipper Informatica,PUBLIC_REFERENCE,LEAVE_ONE_OUT_LOCAL_LINEAR,LOCAL_LINEAR_PLAIN_FIXED_V1,REPOLENS_DERIVED
2026-09-04,Italy,EUR,IT0005647265,Btp Fx 3.25% Jul32 Eur,2032-07-15,5.8507871321013,3.68,3.6537125748502994,2.6287425149700727,CHEAP,BELLY,IT0005466013,0.12046543463381187,IT0005668220,0.3367556468172488,0.45722108145106066,0.22705807896402197,LOW,Borsa Italiana / Skipper Informatica,PUBLIC_REFERENCE,LEAVE_ONE_OUT_LOCAL_LINEAR,LOCAL_LINEAR_PLAIN_FIXED_V1,REPOLENS_DERIVED
2026-09-04,Italy,EUR,IT0005648149,Btp Fx 3.6% Oct35 Eur,2035-10-01,9.062286105407255,4.07,4.073260869565217,-0.3260869565216318,RICH,BELLY,IT0005631590,0.16700889801505703,IT0005676504,0.3367556468172488,0.5037645448323058,0.285701661364438,LOW,Borsa Italiana / Skipper Informatica,PUBLIC_REFERENCE,LEAVE_ONE_OUT_LOCAL_LINEAR,LOCAL_LINEAR_PLAIN_FIXED_V1,REPOLENS_DERIVED
2026-09-04,Italy,EUR,IT0005654642,Btp Fx 2.7% Oct30 Eur,2030-10-01,4.0629705681040384,3.44,3.4302830188679243,0.9716981132075642,CHEAP,BELLY,IT0005403396,0.16700889801505836,IT0005561888,0.12320328542094483,0.2902121834360032,0.7377049180327866,HIGH,Borsa Italiana / Skipper Informatica,PUBLIC_REFERENCE,LEAVE_ONE_OUT_LOCAL_LINEAR,LOCAL_LINEAR_PLAIN_FIXED_V1,REPOLENS_DERIVED
2026-09-04,Italy,EUR,IT0005657330,Btp Fx 2.1% Aug27 Eur,2027-08-26,0.9637234770704997,2.87,2.81,6.000000000000005,CHEAP,FRONT_END,IT0005274805,0.06844626967830258,IT0005416570,0.05475701574264202,0.12320328542094461,0.7999999999999994,HIGH,Borsa Italiana / Skipper Informatica,PUBLIC_REFERENCE,LEAVE_ONE_OUT_LOCAL_LINEAR,LOCAL_LINEAR_PLAIN_FIXED_V1,REPOLENS_DERIVED
2026-09-04,Italy,EUR,IT0005660052,Btp Fx 2.35% Jan29 Eur,2029-01-15,2.3545516769336072,3.18,3.1753225806451613,0.46774193548388965,CHEAP,BELLY,IT0005340929,0.12320328542094483,IT0005566408,0.0465434633812456,0.16974674880219043,0.37777777777777594,MEDIUM,Borsa Italiana / Skipper Informatica,PUBLIC_REFERENCE,LEAVE_ONE_OUT_LOCAL_LINEAR,LOCAL_LINEAR_PLAIN_FIXED_V1,REPOLENS_DERIVED
2026-09-04,Italy,EUR,IT0005668220,Btp Fx 3.25% Nov32 Eur,2032-11-15,6.187542778918549,3.72,3.6888489208633093,3.1151079136690907,CHEAP,BELLY,IT0005647265,0.3367556468172488,IT0005494239,0.043805612594113974,0.38056125941136276,0.09919868982862544,LOW,Borsa Italiana / Skipper Informatica,PUBLIC_REFERENCE,LEAVE_ONE_OUT_LOCAL_LINEAR,LOCAL_LINEAR_PLAIN_FIXED_V1,REPOLENS_DERIVED
2026-09-04,Italy,EUR,IT0005668238,Btp Fx 4.65% Oct55 Eur,2055-10-01,29.062286105407257,4.89,4.858729598588443,3.127040141155657,CHEAP,LONG_END,IT0005611741,0.9993155373032181,IT0005217390,11.414099931553732,12.41341546885695,0.0020468467080578694,LOW,Borsa Italiana / Skipper Informatica,PUBLIC_REFERENCE,LEAVE_ONE_OUT_LOCAL_LINEAR,LOCAL_LINEAR_PLAIN_FIXED_V1,REPOLENS_DERIVED
2026-09-04,Italy,EUR,IT0005671273,Btp Fx 2.85% Feb31 Eur,2031-02-01,4.399726214921286,3.49,3.4807894736842107,0.9210526315789558,CHEAP,BELLY,IT0005413171,0.16974674880218998,IT0005580094,0.03832991101984984,0.20807665982203982,0.2258064516129061,LOW,Borsa Italiana / Skipper Informatica,PUBLIC_REFERENCE,LEAVE_ONE_OUT_LOCAL_LINEAR,LOCAL_LINEAR_PLAIN_FIXED_V1,REPOLENS_DERIVED
2026-09-04,Italy,EUR,IT0005676504,Btp Fx 3.45% Feb36 Eur,2036-02-01,9.399041752224504,4.1,4.0942763157894735,0.5723684210526159,CHEAP,BELLY,IT0005648149,0.3367556468172488,IT0005402117,0.07939767282683086,0.41615331964407964,0.16442019683354686,LOW,Borsa Italiana / Skipper Informatica,PUBLIC_REFERENCE,LEAVE_ONE_OUT_LOCAL_LINEAR,LOCAL_LINEAR_PLAIN_FIXED_V1,REPOLENS_DERIVED
2026-09-04,Italy,EUR,IT0005689960,Btp Fx 2.4% Mar29 Eur,2029-03-15,2.516084873374401,3.21,3.1786666666666665,3.1333333333333435,CHEAP,BELLY,IT0005467482,0.07665982203969879,IT0005495731,0.25188227241615335,0.32854209445585214,0.2688405797101448,LOW,Borsa Italiana / Skipper Informatica,PUBLIC_REFERENCE,LEAVE_ONE_OUT_LOCAL_LINEAR,LOCAL_LINEAR_PLAIN_FIXED_V1,REPOLENS_DERIVED
2026-09-04,Italy,EUR,IT0005689994,Btp Fx 3.15% Mar33 Eur,2033-03-15,6.5160848733744015,3.76,3.749438202247191,1.0561797752808744,CHEAP,BELLY,IT0003256820,0.11498973305954863,IT0005518128,0.12867898699520808,0.2436687200547567,0.8936170212766034,HIGH,Borsa Italiana / Skipper Informatica,PUBLIC_REFERENCE,LEAVE_ONE_OUT_LOCAL_LINEAR,LOCAL_LINEAR_PLAIN_FIXED_V1,REPOLENS_DERIVED
2026-09-04,Italy,EUR,IT0005692410,Btp Fx 2.2% Feb28 Eur,2028-02-28,1.4729637234770705,3.06,3.0125581395348835,4.744186046511656,CHEAP,FRONT_END,IT0005323032,0.07392197125256672,IT0005433690,0.04380561259411353,0.11772758384668025,0.5925925925925914,MEDIUM,Borsa Italiana / Skipper Informatica,PUBLIC_REFERENCE,LEAVE_ONE_OUT_LOCAL_LINEAR,LOCAL_LINEAR_PLAIN_FIXED_V1,REPOLENS_DERIVED
2026-09-04,Italy,EUR,IT0005694630,Btp Fx 3.95% Oct41 Eur,2041-10-01,15.063655030800822,4.52,4.490437636761488,2.956236323851158,CHEAP,LONG_END,IT0005421703,0.5859000684462696,IT0005530032,1.9164955509924706,2.5023956194387402,0.035454829634260714,LOW,Borsa Italiana / Skipper Informatica,PUBLIC_REFERENCE,LEAVE_ONE_OUT_LOCAL_LINEAR,LOCAL_LINEAR_PLAIN_FIXED_V1,REPOLENS_DERIVED
2026-09-04,Italy,EUR,IT0005704868,Btp Fx 3.3% Jun33 Eur,2033-06-15,6.767967145790554,3.8,3.7673170731707315,3.268292682926832,CHEAP,BELLY,IT0005518128,0.12320328542094483,IT0005240350,0.21355236139630396,0.3367556468172488,0.49718574108818064,MEDIUM,Borsa Italiana / Skipper Informatica,PUBLIC_REFERENCE,LEAVE_ONE_OUT_LOCAL_LINEAR,LOCAL_LINEAR_PLAIN_FIXED_V1,REPOLENS_DERIVED
2026-09-04,Italy,EUR,IT0005706285,Btp Fx 3.8% Jul36 Eur,2036-07-01,9.81245722108145,4.14,4.1132608695652175,2.6739130434782155,CHEAP,BELLY,IT0005402117,0.33401779603011583,IT0005177909,0.16974674880219176,0.5037645448323076,0.29276550249465677,LOW,Borsa Italiana / Skipper Informatica,PUBLIC_REFERENCE,LEAVE_ONE_OUT_LOCAL_LINEAR,LOCAL_LINEAR_PLAIN_FIXED_V1,REPOLENS_DERIVED
2026-09-04,Italy,EUR,IT0005707614,Btp Fx 3.15% Jun31 Eur,2031-06-01,4.728268309377139,3.54,3.5065333333333335,3.3466666666666534,CHEAP,BELLY,IT0001444378,0.08487337440109499,IT0005595803,0.12046543463381276,0.20533880903490775,0.7045454545454515,HIGH,Borsa Italiana / Skipper Informatica,PUBLIC_REFERENCE,LEAVE_ONE_OUT_LOCAL_LINEAR,LOCAL_LINEAR_PLAIN_FIXED_V1,REPOLENS_DERIVED
2026-09-04,Italy,EUR,IT0005716839,Btp Fx 3% Sep29 Eur,2029-09-15,3.0198494182067077,3.3,3.279016393442623,2.0983606557376966,CHEAP,BELLY,IT0005365165,0.12320328542094439,IT0005611055,0.04380561259411353,0.16700889801505792,0.3555555555555553,MEDIUM,Borsa Italiana / Skipper Informatica,PUBLIC_REFERENCE,LEAVE_ONE_OUT_LOCAL_LINEAR,LOCAL_LINEAR_PLAIN_FIXED_V1,REPOLENS_DERIVED
2026-09-04,Italy,EUR,IT0005722845,Btp Fx 3.35% Sep33 Eur,2033-09-15,7.019849418206708,3.85,3.7937704918032784,5.622950819672168,CHEAP,BELLY,IT0005240350,0.03832991101984984,IT0005544082,0.12867898699520808,0.16700889801505792,0.2978723404255368,LOW,Borsa Italiana / Skipper Informatica,PUBLIC_REFERENCE,LEAVE_ONE_OUT_LOCAL_LINEAR,LOCAL_LINEAR_PLAIN_FIXED_V1,REPOLENS_DERIVED
2026-09-04,Italy,EUR,IT0005729733,Btp Fx 3% Oct28 Eur,2028-10-30,2.1437371663244353,3.16,3.1205494505494507,3.945054945054949,CHEAP,BELLY,IT0004889033,0.161533196440794,IT0005340929,0.08761122518822706,0.24914442162902106,0.542372881355931,MEDIUM,Borsa Italiana / Skipper Informatica,PUBLIC_REFERENCE,LEAVE_ONE_OUT_LOCAL_LINEAR,LOCAL_LINEAR_PLAIN_FIXED_V1,REPOLENS_DERIVED
2026-09-04,Italy,EUR,IT0005729931,Btp Fx 4% Oct36 Eur,2036-10-01,10.064339493497604,4.17,4.12392156862745,4.607843137254974,CHEAP,LONG_END,IT0005177909,0.08213552361396204,IT0003934657,0.3367556468172488,0.4188911704312108,0.168978160369837,LOW,Borsa Italiana / Skipper Informatica,PUBLIC_REFERENCE,LEAVE_ONE_OUT_LOCAL_LINEAR,LOCAL_LINEAR_PLAIN_FIXED_V1,REPOLENS_DERIVED
