country_code,country_name,issuer,instrument_type,isin,description,annual_coupon_percent,periodic_coupon_percent,coupon_frequency,accrual_start_date,first_coupon_date,maturity_date,day_count_convention,currency,source_name,data_status
IT,Italy,Republic of Italy,BTP,IT0005556011,"Btp Tf 3,85% St26 Eur",,1.925000,Semestrale,2023-07-17,2023-07-17,2026-09-15,ACT/ACT (PERIODIC BASIS),EUR,Borsa Italiana MOT,PUBLIC_REFERENCE
IT,Italy,Republic of Italy,BTP,IT0001086567,"Btp-1nv26 7,25%",,3.625000,Semestrale,1996-11-01,1996-11-01,2026-11-01,ACT/ACT (PERIODIC BASIS),EUR,Borsa Italiana MOT,PUBLIC_REFERENCE
IT,Italy,Republic of Italy,BTP,IT0005210650,Btp Tf 1.25% Dc26 Eur,,0.625000,Semestrale,2016-08-01,2016-08-01,2026-12-01,ACT/ACT (PERIODIC BASIS),EUR,Borsa Italiana MOT,PUBLIC_REFERENCE
IT,Italy,Republic of Italy,BTP,IT0005390874,"Btp Tf 0,85% Ge27 Eur",,0.425000,Semestrale,2019-11-15,2019-11-15,2027-01-15,ACT/ACT (PERIODIC BASIS),EUR,Borsa Italiana MOT,PUBLIC_REFERENCE
IT,Italy,Republic of Italy,BTP,IT0005580045,Btp Fx 2.95% Feb27 Eur,2.950000,1.475000,Semestrale,2024-01-15,2024-01-15,2027-02-15,ACT/ACT (ICMA),EUR,Borsa Italiana MOT,PUBLIC_REFERENCE
IT,Italy,Republic of Italy,BTP,IT0005633794,Btp Fx 2.55% Feb27 Eur,2.550000,1.275000,Semestrale,2025-01-30,2025-01-30,2027-02-25,ACT/ACT (ICMA),EUR,Borsa Italiana MOT,PUBLIC_REFERENCE
IT,Italy,Republic of Italy,BTP,IT0005484552,"Btp Tf 1,1% Ap27 Eur",,0.550000,Semestrale,2022-03-01,2022-03-01,2027-04-01,ACT/ACT (PERIODIC BASIS),EUR,Borsa Italiana MOT,PUBLIC_REFERENCE
IT,Italy,Republic of Italy,BTP,IT0005240830,"Btp Tf 2,20% Gn27 Eur",,1.100000,Semestrale,2017-02-01,2017-02-01,2027-06-01,ACT/ACT (PERIODIC BASIS),EUR,Borsa Italiana MOT,PUBLIC_REFERENCE
IT,Italy,Republic of Italy,BTP,IT0005547408,Btp Valore Gn27 Eur,,2.000000,Semestrale,2023-06-13,2023-06-13,2027-06-13,ACT/ACT (PERIODIC BASIS),EUR,Borsa Italiana MOT,PUBLIC_REFERENCE
IT,Italy,Republic of Italy,BTP,IT0005599904,Btp Fx 3.45% Jul27 Eur,3.450000,1.725000,Semestrale,2024-06-17,2024-06-17,2027-07-15,ACT/ACT (ICMA),EUR,Borsa Italiana MOT,PUBLIC_REFERENCE
IT,Italy,Republic of Italy,BTP,IT0005274805,"Btp Tf 2,05% Ag27 Eur",,1.025000,Semestrale,2017-07-04,2017-07-04,2027-08-01,ACT/ACT (PERIODIC BASIS),EUR,Borsa Italiana MOT,PUBLIC_REFERENCE
IT,Italy,Republic of Italy,BTP,IT0005657330,Btp Fx 2.1% Aug27 Eur,2.100000,1.050000,Semestrale,2025-06-27,2025-06-27,2027-08-26,ACT/ACT (ICMA),EUR,Borsa Italiana MOT,PUBLIC_REFERENCE
IT,Italy,Republic of Italy,BTP,IT0005416570,"Btp Tf 0,95% St27 Eur",,0.475000,Semestrale,2020-07-16,2020-07-16,2027-09-15,ACT/ACT (PERIODIC BASIS),EUR,Borsa Italiana MOT,PUBLIC_REFERENCE
IT,Italy,Republic of Italy,BTP,IT0005622128,Btp Fx 2.7% Oct27 Eur,2.700000,1.350000,Semestrale,2024-11-15,2024-11-15,2027-10-15,ACT/ACT (ICMA),EUR,Borsa Italiana MOT,PUBLIC_REFERENCE
IT,Italy,Republic of Italy,BTP,IT0001174611,"Btp-1nv27 6,5%",,3.250000,Semestrale,1997-11-01,1997-11-01,2027-11-01,ACT/ACT (PERIODIC BASIS),EUR,Borsa Italiana MOT,PUBLIC_REFERENCE
IT,Italy,Republic of Italy,BTP,IT0005500068,"Btp Tf 2,65% Dc27 Eur",,1.325000,Semestrale,2022-07-04,2022-07-04,2027-12-01,ACT/ACT (PERIODIC BASIS),EUR,Borsa Italiana MOT,PUBLIC_REFERENCE
IT,Italy,Republic of Italy,BTP,IT0005323032,"Btp Tf 2,00% Fb28 Eur",,1.000000,Semestrale,2018-02-01,2018-02-01,2028-02-01,ACT/ACT (PERIODIC BASIS),EUR,Borsa Italiana MOT,PUBLIC_REFERENCE
IT,Italy,Republic of Italy,BTP,IT0005692410,Btp Fx 2.2% Feb28 Eur,2.200000,,Semestrale,2026-01-29,2026-01-29,2028-02-28,ACT/ACT (ICMA),EUR,Borsa Italiana MOT,PUBLIC_REFERENCE
IT,Italy,Republic of Italy,BTP,IT0005433690,"Btp Tf 0,25% Mz28 Eur",,0.125000,Semestrale,2021-01-18,2021-01-18,2028-03-15,ACT/ACT (PERIODIC BASIS),EUR,Borsa Italiana MOT,PUBLIC_REFERENCE
IT,Italy,Republic of Italy,BTP,IT0005521981,"Btp Tf 3,4% Ap28 Eur",,1.700000,Semestrale,2022-11-30,2022-11-30,2028-04-01,ACT/ACT (PERIODIC BASIS),EUR,Borsa Italiana MOT,PUBLIC_REFERENCE
IT,Italy,Republic of Italy,BTP,IT0005641029,Btp Fx 2.65% Jun28 Eur,2.650000,1.325000,Semestrale,2025-03-17,2025-03-17,2028-06-15,ACT/ACT (ICMA),EUR,Borsa Italiana MOT,PUBLIC_REFERENCE
IT,Italy,Republic of Italy,BTP,IT0005445306,"Btp Tf 0,5% Lg28 Eur",,0.250000,Semestrale,2021-05-17,2021-05-17,2028-07-15,ACT/ACT (PERIODIC BASIS),EUR,Borsa Italiana MOT,PUBLIC_REFERENCE
IT,Italy,Republic of Italy,BTP,IT0005548315,"Btp Tf 3,8% Ag28 Eur",,1.900000,Semestrale,2023-06-01,2023-06-01,2028-08-01,ACT/ACT (PERIODIC BASIS),EUR,Borsa Italiana MOT,PUBLIC_REFERENCE
IT,Italy,Republic of Italy,BTP,IT0004889033,"Btp Tf 4,75% St28 Eur",,2.375000,Semestrale,2013-01-22,2013-01-22,2028-09-01,ACT/ACT (PERIODIC BASIS),EUR,Borsa Italiana MOT,PUBLIC_REFERENCE
IT,Italy,Republic of Italy,BTP,IT0005565400,Btp Valore Sc Oct28 Eur,4.100000,1.025000,Trimestrale,2023-10-10,2023-10-10,2028-10-10,ACT/ACT (ICMA),EUR,Borsa Italiana MOT,PUBLIC_REFERENCE
IT,Italy,Republic of Italy,BTP,IT0005729733,Btp Fx 3% Oct28 Eur,3.000000,0.516390,Semestrale,2026-08-28,2026-08-28,2028-10-30,ACT/ACT (ICMA),EUR,Borsa Italiana MOT,PUBLIC_REFERENCE
IT,Italy,Republic of Italy,BTP,IT0005425761,Btp Futura Nv28 Eur,,0.300000,Semestrale,2020-11-17,2020-11-17,2028-11-17,ACT/ACT (PERIODIC BASIS),EUR,Borsa Italiana MOT,PUBLIC_REFERENCE
IT,Italy,Republic of Italy,BTP,IT0005340929,"Btp Tf 2,80% Dc28 Eur",,1.400000,Semestrale,2018-08-01,2018-08-01,2028-12-01,ACT/ACT (PERIODIC BASIS),EUR,Borsa Italiana MOT,PUBLIC_REFERENCE
IT,Italy,Republic of Italy,BTP,IT0005660052,Btp Fx 2.35% Jan29 Eur,2.350000,1.175000,Semestrale,2025-07-15,2025-07-15,2029-01-15,ACT/ACT (ICMA),EUR,Borsa Italiana MOT,PUBLIC_REFERENCE
IT,Italy,Republic of Italy,BTP,IT0005566408,Btp Fx 4.1% Feb29 Eur,4.100000,,Semestrale,2023-10-02,2023-10-02,2029-02-01,ACT/ACT (ICMA),EUR,Borsa Italiana MOT,PUBLIC_REFERENCE
IT,Italy,Republic of Italy,BTP,IT0005467482,"Btp Tf 0,45% Fb29 Eur",,0.225000,Semestrale,2021-11-15,2021-11-15,2029-02-15,ACT/ACT (PERIODIC BASIS),EUR,Borsa Italiana MOT,PUBLIC_REFERENCE
IT,Italy,Republic of Italy,BTP,IT0005689960,Btp Fx 2.4% Mar29 Eur,2.400000,,Semestrale,2026-01-15,2026-01-15,2029-03-15,ACT/ACT (ICMA),EUR,Borsa Italiana MOT,PUBLIC_REFERENCE
IT,Italy,Republic of Italy,BTP,IT0005495731,"Btp Tf 2,80% Gn29 Eur",,1.400000,Semestrale,2022-05-16,2022-05-16,2029-06-15,ACT/ACT (PERIODIC BASIS),EUR,Borsa Italiana MOT,PUBLIC_REFERENCE
IT,Italy,Republic of Italy,BTP,IT0005584849,Btp Fx 3.35% Jul29 Eur,3.350000,1.675000,Semestrale,2024-03-01,2024-03-01,2029-07-01,ACT/ACT (ICMA),EUR,Borsa Italiana MOT,PUBLIC_REFERENCE
IT,Italy,Republic of Italy,BTP,IT0005365165,"Btp Tf 3,00% Ag29 Eur",,1.500000,Semestrale,2019-02-01,2019-02-01,2029-08-01,ACT/ACT (PERIODIC BASIS),EUR,Borsa Italiana MOT,PUBLIC_REFERENCE
IT,Italy,Republic of Italy,BTP,IT0005716839,Btp Fx 3% Sep29 Eur,3.000000,0.750000,Semestrale,2026-06-15,2026-06-15,2029-09-15,ACT/ACT (ICMA),EUR,Borsa Italiana MOT,PUBLIC_REFERENCE
IT,Italy,Republic of Italy,BTP,IT0005611055,Btp Fx 3% Oct29 Eur,3.000000,1.500000,Semestrale,2024-09-02,2024-09-02,2029-10-01,ACT/ACT (ICMA),EUR,Borsa Italiana MOT,PUBLIC_REFERENCE
IT,Italy,Republic of Italy,BTP,IT0001278511,"Btp-1nv29 5,25%",,2.625000,Semestrale,1998-11-01,1998-11-01,2029-11-01,ACT/ACT (PERIODIC BASIS),EUR,Borsa Italiana MOT,PUBLIC_REFERENCE
IT,Italy,Republic of Italy,BTP,IT0005519787,"Btp Tf 3,85% Dc29 Eur",,1.925000,Semestrale,2022-11-15,2022-11-15,2029-12-15,ACT/ACT (PERIODIC BASIS),EUR,Borsa Italiana MOT,PUBLIC_REFERENCE
IT,Italy,Republic of Italy,BTP,IT0005024234,"Btp Tf 3,50% Mz30 Eur",,1.750000,Semestrale,2014-03-01,2014-03-01,2030-03-01,ACT/ACT (PERIODIC BASIS),EUR,Borsa Italiana MOT,PUBLIC_REFERENCE
IT,Italy,Republic of Italy,BTP,IT0005583486,Btp Valore Sc Mz30 Eur,3.250000,0.812500,Trimestrale,2024-03-05,2024-03-05,2030-03-05,ACT/ACT (ICMA),EUR,Borsa Italiana MOT,PUBLIC_REFERENCE
IT,Italy,Republic of Italy,BTP,IT0005383309,"Btp Tf 1,35% Ap30 Eur",,0.675000,Semestrale,2019-09-01,2019-09-01,2030-04-01,ACT/ACT (PERIODIC BASIS),EUR,Borsa Italiana MOT,PUBLIC_REFERENCE
IT,Italy,Republic of Italy,BTP,IT0005594483,Btp Valore Sc Mg30 Eur,3.350000,0.837500,Trimestrale,2024-05-14,2024-05-14,2030-05-14,ACT/ACT (ICMA),EUR,Borsa Italiana MOT,PUBLIC_REFERENCE
IT,Italy,Republic of Italy,BTP,IT0005542797,"Btp Tf 3,7% Gn30 Eur",,1.850000,Semestrale,2023-04-17,2023-04-17,2030-06-15,ACT/ACT (PERIODIC BASIS),EUR,Borsa Italiana MOT,PUBLIC_REFERENCE
IT,Italy,Republic of Italy,BTP,IT0005637399,Btp Fx 2.95% Jul30 Eur,2.950000,1.475000,Semestrale,2025-03-03,2025-03-03,2030-07-01,ACT/ACT (ICMA),EUR,Borsa Italiana MOT,PUBLIC_REFERENCE
IT,Italy,Republic of Italy,BTP,IT0005415291,Btp Futura Lg30 Eur,,0.650000,Semestrale,2020-07-14,2020-07-14,2030-07-14,ACT/ACT (PERIODIC BASIS),EUR,Borsa Italiana MOT,PUBLIC_REFERENCE
IT,Italy,Republic of Italy,BTP,IT0005403396,"Btp Tf 0,95% Ag30 Eur",,0.475000,Semestrale,2020-03-01,2020-03-01,2030-08-01,ACT/ACT (PERIODIC BASIS),EUR,Borsa Italiana MOT,PUBLIC_REFERENCE
IT,Italy,Republic of Italy,BTP,IT0005654642,Btp Fx 2.7% Oct30 Eur,2.700000,1.350000,Semestrale,2025-06-11,2025-06-11,2030-10-01,ACT/ACT (ICMA),EUR,Borsa Italiana MOT,PUBLIC_REFERENCE
IT,Italy,Republic of Italy,BTP,IT0005561888,Btp Fx 4% Nov30 Eur,4.000000,2.000000,Semestrale,2023-09-15,2023-09-15,2030-11-15,ACT/ACT (ICMA),EUR,Borsa Italiana MOT,PUBLIC_REFERENCE
IT,Italy,Republic of Italy,BTP,IT0005413171,"Btp Tf 1,65% Dc30 Eur",,0.825000,Semestrale,2020-06-01,2020-06-01,2030-12-01,ACT/ACT (PERIODIC BASIS),EUR,Borsa Italiana MOT,PUBLIC_REFERENCE
IT,Italy,Republic of Italy,BTP,IT0005671273,Btp Fx 2.85% Feb31 Eur,2.850000,1.425000,Semestrale,2025-10-01,2025-10-01,2031-02-01,ACT/ACT (ICMA),EUR,Borsa Italiana MOT,PUBLIC_REFERENCE
IT,Italy,Republic of Italy,BTP,IT0005580094,Btp Fx 3.5% Feb31 Eur,3.500000,1.750000,Semestrale,2024-01-16,2024-01-16,2031-02-15,ACT/ACT (ICMA),EUR,Borsa Italiana MOT,PUBLIC_REFERENCE
IT,Italy,Republic of Italy,BTP,IT0005422891,"Btp Tf 0,90% Ap31 Eur",,0.450000,Semestrale,2020-10-01,2020-10-01,2031-04-01,ACT/ACT (PERIODIC BASIS),EUR,Borsa Italiana MOT,PUBLIC_REFERENCE
IT,Italy,Republic of Italy,BTP,IT0001444378,Btp-1mg31 6%,,3.000000,Semestrale,1999-11-01,1999-11-01,2031-05-01,ACT/ACT (PERIODIC BASIS),EUR,Borsa Italiana MOT,PUBLIC_REFERENCE
IT,Italy,Republic of Italy,BTP,IT0005707614,Btp Fx 3.15% Jun31 Eur,3.150000,1.575000,Semestrale,2026-05-04,2026-05-04,2031-06-01,ACT/ACT (ICMA),EUR,Borsa Italiana MOT,PUBLIC_REFERENCE
IT,Italy,Republic of Italy,BTP,IT0005595803,Btp Fx 3.45% Jul31 Eur,3.450000,1.725000,Semestrale,2024-05-15,2024-05-15,2031-07-15,ACT/ACT (ICMA),EUR,Borsa Italiana MOT,PUBLIC_REFERENCE
IT,Italy,Republic of Italy,BTP,IT0005436693,"Btp Tf 0,6% Ag31 Eur",,0.300000,Semestrale,2021-02-01,2021-02-01,2031-08-01,ACT/ACT (PERIODIC BASIS),EUR,Borsa Italiana MOT,PUBLIC_REFERENCE
IT,Italy,Republic of Italy,BTP,IT0005542359,Btpgreen 4%Ot31eur,,2.000000,Semestrale,2023-04-13,2023-04-13,2031-10-30,ACT/ACT (PERIODIC BASIS),EUR,Borsa Italiana MOT,PUBLIC_REFERENCE
IT,Italy,Republic of Italy,BTP,IT0005619546,Btp Fx 3.15% Nov31 Eur,3.150000,1.575000,Semestrale,2024-10-29,2024-10-29,2031-11-15,ACT/ACT (ICMA),EUR,Borsa Italiana MOT,PUBLIC_REFERENCE
IT,Italy,Republic of Italy,BTP,IT0005449969,"Btp Tf 0,95% Dc31 Eur",,0.475000,Semestrale,2021-06-01,2021-06-01,2031-12-01,ACT/ACT (PERIODIC BASIS),EUR,Borsa Italiana MOT,PUBLIC_REFERENCE
IT,Italy,Republic of Italy,BTP,IT0005094088,"Btp Tf 1,65% Mz32 Eur",,0.825000,Semestrale,2015-03-01,2015-03-01,2032-03-01,ACT/ACT (PERIODIC BASIS),EUR,Borsa Italiana MOT,PUBLIC_REFERENCE
IT,Italy,Republic of Italy,BTP,IT0005696338,Btp Valore Sc Mar32 Eur,2.600000,0.650000,Trimestrale,2026-03-10,2026-03-10,2032-03-10,ACT/ACT (ICMA),EUR,Borsa Italiana MOT,PUBLIC_REFERENCE
IT,Italy,Republic of Italy,BTP,IT0005466013,"Btp Tf 0,95% Gn32 Eur",,0.475000,Semestrale,2021-11-01,2021-11-01,2032-06-01,ACT/ACT (PERIODIC BASIS),EUR,Borsa Italiana MOT,PUBLIC_REFERENCE
IT,Italy,Republic of Italy,BTP,IT0005647265,Btp Fx 3.25% Jul32 Eur,3.250000,1.625000,Semestrale,2025-04-25,2025-04-25,2032-07-15,ACT/ACT (ICMA),EUR,Borsa Italiana MOT,PUBLIC_REFERENCE
IT,Italy,Republic of Italy,BTP,IT0005672024,Btp Valore Sc Ot32 Eur,2.600000,0.650000,Trimestrale,2025-10-28,2025-10-28,2032-10-28,ACT/ACT (ICMA),EUR,Borsa Italiana MOT,PUBLIC_REFERENCE
IT,Italy,Republic of Italy,BTP,IT0005668220,Btp Fx 3.25% Nov32 Eur,3.250000,1.625000,Semestrale,2025-09-09,2025-09-09,2032-11-15,ACT/ACT (ICMA),EUR,Borsa Italiana MOT,PUBLIC_REFERENCE
IT,Italy,Republic of Italy,BTP,IT0005494239,"Btp Tf 2,5% Dc32 Eur",,1.250000,Semestrale,2022-05-03,2022-05-03,2032-12-01,ACT/ACT (PERIODIC BASIS),EUR,Borsa Italiana MOT,PUBLIC_REFERENCE
IT,Italy,Republic of Italy,BTP,IT0003256820,"Btp-1fb33 5,75%",,2.875000,Semestrale,2002-02-01,2002-02-01,2033-02-01,ACT/ACT (PERIODIC BASIS),EUR,Borsa Italiana MOT,PUBLIC_REFERENCE
IT,Italy,Republic of Italy,BTP,IT0005634800,Btp Piu' Sc Fb33 Eur,2.850000,0.712500,Trimestrale,2025-02-25,2025-02-25,2033-02-25,ACT/ACT (ICMA),EUR,Borsa Italiana MOT,PUBLIC_REFERENCE
IT,Italy,Republic of Italy,BTP,IT0005689994,Btp Fx 3.15% Mar33 Eur,3.150000,1.575000,Semestrale,2026-01-15,2026-01-15,2033-03-15,ACT/ACT (ICMA),EUR,Borsa Italiana MOT,PUBLIC_REFERENCE
IT,Italy,Republic of Italy,BTP,IT0005518128,"Btp Tf 4,40% Mg33 Eur",,2.200000,Semestrale,2022-11-01,2022-11-01,2033-05-01,ACT/ACT (PERIODIC BASIS),EUR,Borsa Italiana MOT,PUBLIC_REFERENCE
IT,Italy,Republic of Italy,BTP,IT0005704868,Btp Fx 3.3% Jun33 Eur,3.300000,1.650000,Semestrale,2026-04-15,2026-04-15,2033-06-15,ACT/ACT (ICMA),EUR,Borsa Italiana MOT,PUBLIC_REFERENCE
IT,Italy,Republic of Italy,BTP,IT0005240350,"Btp Tf 2,45% St33 Eur",,1.225000,Semestrale,2016-09-01,2016-09-01,2033-09-01,ACT/ACT (PERIODIC BASIS),EUR,Borsa Italiana MOT,PUBLIC_REFERENCE
IT,Italy,Republic of Italy,BTP,IT0005722845,Btp Fx 3.35% Sep33 Eur,3.350000,0.564400,Semestrale,2026-07-15,2026-07-15,2033-09-15,ACT/ACT (ICMA),EUR,Borsa Italiana MOT,PUBLIC_REFERENCE
IT,Italy,Republic of Italy,BTP,IT0005544082,"Btp Tf 4,35% Nv33 Eur",,2.175000,Semestrale,2023-05-02,2023-05-02,2033-11-01,ACT/ACT (PERIODIC BASIS),EUR,Borsa Italiana MOT,PUBLIC_REFERENCE
IT,Italy,Republic of Italy,BTP,IT0005466351,Btp Futura Nv33 Eur,,0.675000,Semestrale,2021-11-16,2021-11-16,2033-11-16,ACT/ACT (PERIODIC BASIS),EUR,Borsa Italiana MOT,PUBLIC_REFERENCE
IT,Italy,Republic of Italy,BTP,IT0005560948,"Btp Tf 4,2% Mz34 Eur",,2.100000,Semestrale,2023-09-01,2023-09-01,2034-03-01,ACT/ACT (PERIODIC BASIS),EUR,Borsa Italiana MOT,PUBLIC_REFERENCE
IT,Italy,Republic of Italy,BTP,IT0005584856,Btp Fx 3.85% Jul34 Eur,3.850000,1.925000,Semestrale,2024-03-01,2024-03-01,2034-07-01,ACT/ACT (ICMA),EUR,Borsa Italiana MOT,PUBLIC_REFERENCE
IT,Italy,Republic of Italy,BTP,IT0003535157,Btp-1ag34 5%,,2.500000,Semestrale,2003-08-01,2003-08-01,2034-08-01,ACT/ACT (PERIODIC BASIS),EUR,Borsa Italiana MOT,PUBLIC_REFERENCE
IT,Italy,Republic of Italy,BTP,IT0005607970,Btp Fx 3.85% Feb35 Eur,3.850000,1.925000,Semestrale,2024-08-01,2024-08-01,2035-02-01,ACT/ACT (ICMA),EUR,Borsa Italiana MOT,PUBLIC_REFERENCE
IT,Italy,Republic of Italy,BTP,IT0005358806,"Btp Tf 3,35% Mz35 Eur",,1.675000,Semestrale,2018-09-01,2018-09-01,2035-03-01,ACT/ACT (PERIODIC BASIS),EUR,Borsa Italiana MOT,PUBLIC_REFERENCE
IT,Italy,Republic of Italy,BTP,IT0005508590,Btpgreen 4%Ap35eur,,2.000000,Semestrale,2022-04-30,2022-04-30,2035-04-30,ACT/ACT (PERIODIC BASIS),EUR,Borsa Italiana MOT,PUBLIC_REFERENCE
IT,Italy,Republic of Italy,BTP,IT0005631590,Btp Fx 3.65% Aug35 Eur,3.650000,1.825000,Semestrale,2025-01-15,2025-01-15,2035-08-01,ACT/ACT (ICMA),EUR,Borsa Italiana MOT,PUBLIC_REFERENCE
IT,Italy,Republic of Italy,BTP,IT0005648149,Btp Fx 3.6% Oct35 Eur,3.600000,1.800000,Semestrale,2025-05-02,2025-05-02,2035-10-01,ACT/ACT (ICMA),EUR,Borsa Italiana MOT,PUBLIC_REFERENCE
IT,Italy,Republic of Italy,BTP,IT0005676504,Btp Fx 3.45% Feb36 Eur,3.450000,,Semestrale,2025-11-03,2025-11-03,2036-02-01,ACT/ACT (ICMA),EUR,Borsa Italiana MOT,PUBLIC_REFERENCE
IT,Italy,Republic of Italy,BTP,IT0005402117,"Btp Tf 1,45% Mz36 Eur",,0.725000,Semestrale,2020-02-18,2020-02-18,2036-03-01,ACT/ACT (PERIODIC BASIS),EUR,Borsa Italiana MOT,PUBLIC_REFERENCE
IT,Italy,Republic of Italy,BTP,IT0005706285,Btp Fx 3.8% Jul36 Eur,3.800000,1.900000,Semestrale,2026-04-22,2026-04-22,2036-07-01,ACT/ACT (ICMA),EUR,Borsa Italiana MOT,PUBLIC_REFERENCE
IT,Italy,Republic of Italy,BTP,IT0005177909,"Btp Tf 2,25% St36 Eur",,1.125000,Semestrale,2016-03-01,2016-03-01,2036-09-01,ACT/ACT (PERIODIC BASIS),EUR,Borsa Italiana MOT,PUBLIC_REFERENCE
IT,Italy,Republic of Italy,BTP,IT0005729931,Btp Fx 4% Oct36 Eur,4.000000,0.327870,Semestrale,2026-09-01,2026-09-01,2036-10-01,ACT/ACT (ICMA),EUR,Borsa Italiana MOT,PUBLIC_REFERENCE
IT,Italy,Republic of Italy,BTP,IT0003934657,Btp-1fb37 4%,,2.000000,Semestrale,2005-08-01,2005-08-01,2037-02-01,ACT/ACT (PERIODIC BASIS),EUR,Borsa Italiana MOT,PUBLIC_REFERENCE
IT,Italy,Republic of Italy,BTP,IT0005433195,"Btp Tf 0,95% Mz37 Eur",,0.475000,Semestrale,2021-01-12,2021-01-12,2037-03-01,ACT/ACT (PERIODIC BASIS),EUR,Borsa Italiana MOT,PUBLIC_REFERENCE
IT,Italy,Republic of Italy,BTP,IT0005442097,Btp Futura Ap37 Eur,,0.600000,Semestrale,2021-04-27,2021-04-27,2037-04-27,ACT/ACT (PERIODIC BASIS),EUR,Borsa Italiana MOT,PUBLIC_REFERENCE
IT,Italy,Republic of Italy,BTP,IT0005596470,Btp Green Fx 4.05% Oct37 Eur,4.050000,2.025000,Semestrale,2024-04-30,2024-04-30,2037-10-30,ACT/ACT (ICMA),EUR,Borsa Italiana MOT,PUBLIC_REFERENCE
IT,Italy,Republic of Italy,BTP,IT0005496770,"Btp Tf 3,25% Mz38 Eur",,1.625000,Semestrale,2022-03-01,2022-03-01,2038-03-01,ACT/ACT (PERIODIC BASIS),EUR,Borsa Italiana MOT,PUBLIC_REFERENCE
IT,Italy,Republic of Italy,BTP,IT0005321325,"Btp Tf 2,95% St38 Eur",,1.475000,Semestrale,2017-09-01,2017-09-01,2038-09-01,ACT/ACT (PERIODIC BASIS),EUR,Borsa Italiana MOT,PUBLIC_REFERENCE
IT,Italy,Republic of Italy,BTP,IT0004286966,Btp-1ag39 5%,,2.500000,Semestrale,2007-08-01,2007-08-01,2039-08-01,ACT/ACT (PERIODIC BASIS),EUR,Borsa Italiana MOT,PUBLIC_REFERENCE
IT,Italy,Republic of Italy,BTP,IT0005582421,Btp Fx 4.15% Oct39 Eur,4.150000,,Semestrale,2023-10-01,2023-10-01,2039-10-01,ACT/ACT (ICMA),EUR,Borsa Italiana MOT,PUBLIC_REFERENCE
IT,Italy,Republic of Italy,BTP,IT0005377152,"Btp Tf 3,1% Mz40 Eur",,1.550000,Semestrale,2019-03-01,2019-03-01,2040-03-01,ACT/ACT (PERIODIC BASIS),EUR,Borsa Italiana MOT,PUBLIC_REFERENCE
IT,Italy,Republic of Italy,BTP,IT0004532559,Btp-1st40 5%,,2.500000,Semestrale,2009-09-01,2009-09-01,2040-09-01,ACT/ACT (PERIODIC BASIS),EUR,Borsa Italiana MOT,PUBLIC_REFERENCE
IT,Italy,Republic of Italy,BTP,IT0005635583,Btp Fx 3.85% Oct40 Eur,3.850000,1.925000,Semestrale,2025-02-18,2025-02-18,2040-10-01,ACT/ACT (ICMA),EUR,Borsa Italiana MOT,PUBLIC_REFERENCE
IT,Italy,Republic of Italy,BTP,IT0005421703,"Btp Tf 1,8% Mz41 Eur",,0.900000,Semestrale,2020-09-15,2020-09-15,2041-03-01,ACT/ACT (PERIODIC BASIS),EUR,Borsa Italiana MOT,PUBLIC_REFERENCE
IT,Italy,Republic of Italy,BTP,IT0005694630,Btp Fx 3.95% Oct41 Eur,3.950000,,Semestrale,2026-02-10,2026-02-10,2041-10-01,ACT/ACT (ICMA),EUR,Borsa Italiana MOT,PUBLIC_REFERENCE
IT,Italy,Republic of Italy,BTP,IT0005530032,"Btp Tf 4,45% St43 Eur",,2.225000,Semestrale,2022-09-01,2022-09-01,2043-09-01,ACT/ACT (PERIODIC BASIS),EUR,Borsa Italiana MOT,PUBLIC_REFERENCE
IT,Italy,Republic of Italy,BTP,IT0004923998,"Btp Tf 4,75% St44 Eur",,2.375000,Semestrale,2013-03-01,2013-03-01,2044-09-01,ACT/ACT (PERIODIC BASIS),EUR,Borsa Italiana MOT,PUBLIC_REFERENCE
IT,Italy,Republic of Italy,BTP,IT0005438004,"Btpgreen 1,5%Ap45eur",,0.750000,Semestrale,2020-10-30,2020-10-30,2045-04-30,ACT/ACT (PERIODIC BASIS),EUR,Borsa Italiana MOT,PUBLIC_REFERENCE
IT,Italy,Republic of Italy,BTP,IT0005631608,Btp Green Fx 4.1% Apr46 Eur,4.100000,2.050000,Semestrale,2025-01-15,2025-01-15,2046-04-30,ACT/ACT (ICMA),EUR,Borsa Italiana MOT,PUBLIC_REFERENCE
IT,Italy,Republic of Italy,BTP,IT0005083057,"Btp Tf 3,25% St46 Eur",,1.625000,Semestrale,2014-09-01,2014-09-01,2046-09-01,ACT/ACT (PERIODIC BASIS),EUR,Borsa Italiana MOT,PUBLIC_REFERENCE
IT,Italy,Republic of Italy,BTP,IT0005162828,"Btp Tf 2,7% Mz47 Eur",,1.350000,Semestrale,2016-02-09,2016-02-09,2047-03-01,ACT/ACT (PERIODIC BASIS),EUR,Borsa Italiana MOT,PUBLIC_REFERENCE
IT,Italy,Republic of Italy,BTP,IT0005273013,"Btp Tf 3,45% Mz48 Eur",,1.725000,Semestrale,2017-03-01,2017-03-01,2048-03-01,ACT/ACT (PERIODIC BASIS),EUR,Borsa Italiana MOT,PUBLIC_REFERENCE
IT,Italy,Republic of Italy,BTP,IT0005363111,"Btp Tf 3,85% St49 Eur",,1.925000,Semestrale,2018-09-01,2018-09-01,2049-09-01,ACT/ACT (PERIODIC BASIS),EUR,Borsa Italiana MOT,PUBLIC_REFERENCE
IT,Italy,Republic of Italy,BTP,IT0005398406,"Btp Tf 2,45% St50 Eur",,1.225000,Semestrale,2019-09-01,2019-09-01,2050-09-01,ACT/ACT (PERIODIC BASIS),EUR,Borsa Italiana MOT,PUBLIC_REFERENCE
IT,Italy,Republic of Italy,BTP,IT0005425233,"Btp Tf 1,7% St51 Eur",,0.850000,Semestrale,2020-09-01,2020-09-01,2051-09-01,ACT/ACT (PERIODIC BASIS),EUR,Borsa Italiana MOT,PUBLIC_REFERENCE
IT,Italy,Republic of Italy,BTP,IT0005480980,"Btp Tf 2,15% St52 Eur",,1.075000,Semestrale,2022-01-12,2022-01-12,2052-09-01,ACT/ACT (PERIODIC BASIS),EUR,Borsa Italiana MOT,PUBLIC_REFERENCE
IT,Italy,Republic of Italy,BTP,IT0005534141,"Btp Tf 4,5% Ot53 Eur",,2.250000,Semestrale,2023-02-23,2023-02-23,2053-10-01,ACT/ACT (PERIODIC BASIS),EUR,Borsa Italiana MOT,PUBLIC_REFERENCE
IT,Italy,Republic of Italy,BTP,IT0005611741,Btp Fx 4.3% Oct54 Eur,4.300000,2.150000,Semestrale,2024-09-17,2024-09-17,2054-10-01,ACT/ACT (ICMA),EUR,Borsa Italiana MOT,PUBLIC_REFERENCE
IT,Italy,Republic of Italy,BTP,IT0005668238,Btp Fx 4.65% Oct55 Eur,4.650000,2.325000,Semestrale,2025-09-09,2025-09-09,2055-10-01,ACT/ACT (ICMA),EUR,Borsa Italiana MOT,PUBLIC_REFERENCE
IT,Italy,Republic of Italy,BTP,IT0005217390,"Btp Tf 2,8% Mz67 Eur",,1.400000,Semestrale,2016-09-01,2016-09-01,2067-03-01,ACT/ACT (PERIODIC BASIS),EUR,Borsa Italiana MOT,PUBLIC_REFERENCE
IT,Italy,Republic of Italy,BTP,IT0005441883,"Btp Tf 2,15% Mz72 Eur",,1.075000,Semestrale,2021-03-01,2021-03-01,2072-03-01,ACT/ACT (PERIODIC BASIS),EUR,Borsa Italiana MOT,PUBLIC_REFERENCE
